Timestamp,Label,Duration_ms,SSID_1,BSSID_1,RSSI_1,Dist_mm_1,Std_mm_1,Succ_1,Att_1,Rate_1,SSID_2,BSSID_2,RSSI_2,Dist_mm_2,Std_mm_2,Succ_2,Att_2,Rate_2,SSID_3,BSSID_3,RSSI_3,Dist_mm_3,Std_mm_3,Succ_3,Att_3,Rate_3,SSID_4,BSSID_4,RSSI_4,Dist_mm_4,Std_mm_4,Succ_4,Att_4,Rate_4
1770208611140,8-11,118,MCSLab RTT AP1,24:29:34:e2:4c:36,-63,8349,138,7,8,87.5,MCSLab RTT AP2,24:29:34:e1:ef:d4,-70,4775,386,7,8,87.5,MCSLab RTT AP3,b0:e4:d5:88:16:86,-64,5174,1099,7,8,87.5,MCSLab RTT AP3,e4:5e:1b:a0:5e:85,-58,2783,342,7,8,87.5
1770208611334,8-11,106,MCSLab RTT AP1,24:29:34:e2:4c:36,-63,2705,498,7,8,87.5,MCSLab RTT AP2,24:29:34:e1:ef:d4,-70,4658,425,7,8,87.5,MCSLab RTT AP3,b0:e4:d5:88:16:86,-65,5116,1151,7,8,87.5,MCSLab RTT AP3,e4:5e:1b:a0:5e:85,-57,2471,459,7,8,87.5
1770208611562,8-11,128,MCSLab RTT AP1,24:29:34:e2:4c:36,-63,2705,450,7,8,87.5,MCSLab RTT AP2,24:29:34:e1:ef:d4,,,,,,,MCSLab RTT AP3,b0:e4:d5:88:16:86,-64,5028,1237,7,8,87.5,MCSLab RTT AP3,e4:5e:1b:a0:5e:85,-58,2432,501,7,8,87.5
1770208611762,8-11,116,MCSLab RTT AP1,24:29:34:e2:4c:36,-63,2509,950,7,8,87.5,MCSLab RTT AP2,24:29:34:e1:ef:d4,-69,4775,396,7,8,87.5,MCSLab RTT AP3,b0:e4:d5:88:16:86,-63,5028,827,7,8,87.5,MCSLab RTT AP3,e4:5e:1b:a0:5e:85,-57,2822,352,7,8,87.5
1770208611953,8-11,100,MCSLab RTT AP1,24:29:34:e2:4c:36,-63,2587,670,7,8,87.5,MCSLab RTT AP2,24:29:34:e1:ef:d4,-70,4814,380,7,8,87.5,MCSLab RTT AP3,b0:e4:d5:88:16:86,-65,4998,1171,7,8,87.5,MCSLab RTT AP3,e4:5e:1b:a0:5e:85,-57,2744,336,7,8,87.5
1770208612186,8-11,126,MCSLab RTT AP1,24:29:34:e2:4c:36,-63,2431,731,7,8,87.5,MCSLab RTT AP2,24:29:34:e1:ef:d4,-70,4814,382,7,8,87.5,MCSLab RTT AP3,b0:e4:d5:88:16:86,-63,4998,1190,7,8,87.5,MCSLab RTT AP3,e4:5e:1b:a0:5e:85,-57,2783,251,7,8,87.5
1770208612391,8-11,124,MCSLab RTT AP1,24:29:34:e2:4c:36,-63,8320,100,7,8,87.5,MCSLab RTT AP2,24:29:34:e1:ef:d4,-69,4814,325,7,8,87.5,MCSLab RTT AP3,b0:e4:d5:88:16:86,-63,5174,1239,7,8,87.5,MCSLab RTT AP3,e4:5e:1b:a0:5e:85,-57,2900,273,7,8,87.5
1770208612574,8-11,101,MCSLab RTT AP1,24:29:34:e2:4c:36,-63,8320,103,7,8,87.5,MCSLab RTT AP2,24:29:34:e1:ef:d4,-70,4814,325,7,8,87.5,MCSLab RTT AP3,b0:e4:d5:88:16:86,-64,5008,153,7,8,87.5,MCSLab RTT AP3,e4:5e:1b:a0:5e:85,-57,2744,359,7,8,87.5
1770208612809,8-11,129,MCSLab RTT AP1,24:29:34:e2:4c:36,-63,2509,765,7,8,87.5,MCSLab RTT AP2,24:29:34:e1:ef:d4,-70,4892,404,7,8,87.5,MCSLab RTT AP3,b0:e4:d5:88:16:86,-63,5145,1173,7,8,87.5,MCSLab RTT AP3,e4:5e:1b:a0:5e:85,-57,2861,304,7,8,87.5
1770208613010,8-11,123,MCSLab RTT AP1,24:29:34:e2:4c:36,-63,2470,708,7,8,87.5,MCSLab RTT AP2,24:29:34:e1:ef:d4,-70,4775,380,7,8,87.5,MCSLab RTT AP3,b0:e4:d5:88:16:86,-63,5057,1252,7,8,87.5,MCSLab RTT AP3,e4:5e:1b:a0:5e:85,-57,2861,311,7,8,87.5
1770208613194,8-11,101,MCSLab RTT AP1,24:29:34:e2:4c:36,-63,2509,705,7,8,87.5,MCSLab RTT AP2,24:29:34:e1:ef:d4,-70,4775,403,7,8,87.5,MCSLab RTT AP3,b0:e4:d5:88:16:86,-63,5145,1153,7,8,87.5,MCSLab RTT AP3,e4:5e:1b:a0:5e:85,-57,2939,257,7,8,87.5
1770208613430,8-11,130,MCSLab RTT AP1,24:29:34:e2:4c:36,-62,2587,911,7,8,87.5,MCSLab RTT AP2,24:29:34:e1:ef:d4,-69,4892,375,7,8,87.5,MCSLab RTT AP3,b0:e4:d5:88:16:86,-63,5174,1181,7,8,87.5,MCSLab RTT AP3,e4:5e:1b:a0:5e:85,-57,2822,293,7,8,87.5
1770208613636,8-11,128,MCSLab RTT AP1,24:29:34:e2:4c:36,-63,2548,685,7,8,87.5,MCSLab RTT AP2,24:29:34:e1:ef:d4,-70,4697,494,7,8,87.5,MCSLab RTT AP3,b0:e4:d5:88:16:86,-63,5233,1207,7,8,87.5,MCSLab RTT AP3,e4:5e:1b:a0:5e:85,-57,2939,249,7,8,87.5
1770208613824,8-11,110,MCSLab RTT AP1,24:29:34:e2:4c:36,-63,2431,714,7,8,87.5,MCSLab RTT AP2,24:29:34:e1:ef:d4,-70,4658,446,7,8,87.5,MCSLab RTT AP3,b0:e4:d5:88:16:86,-63,5057,1279,7,8,87.5,MCSLab RTT AP3,e4:5e:1b:a0:5e:85,-57,2940,231,7,8,87.5
1770208614043,8-11,123,MCSLab RTT AP1,24:29:34:e2:4c:36,-63,2509,834,7,8,87.5,MCSLab RTT AP2,24:29:34:e1:ef:d4,-70,4853,391,7,8,87.5,MCSLab RTT AP3,b0:e4:d5:88:16:86,-63,5174,1236,7,8,87.5,MCSLab RTT AP3,e4:5e:1b:a0:5e:85,-57,2900,312,7,8,87.5
1770208614271,8-11,144,MCSLab RTT AP1,24:29:34:e2:4c:36,-63,2470,741,7,8,87.5,MCSLab RTT AP2,24:29:34:e1:ef:d4,-70,4736,396,7,8,87.5,MCSLab RTT AP3,b0:e4:d5:88:16:86,-63,4998,1210,7,8,87.5,MCSLab RTT AP3,e4:5e:1b:a0:5e:85,-57,2940,279,7,8,87.5
1770208614434,8-11,100,MCSLab RTT AP1,24:29:34:e2:4c:36,-63,2470,667,7,8,87.5,MCSLab RTT AP2,24:29:34:e1:ef:d4,-70,4697,460,7,8,87.5,MCSLab RTT AP3,b0:e4:d5:88:16:86,-63,5203,1168,7,8,87.5,MCSLab RTT AP3,e4:5e:1b:a0:5e:85,-57,2979,205,7,8,87.5
1770208614680,8-11,139,MCSLab RTT AP1,24:29:34:e2:4c:36,-63,2587,678,7,8,87.5,MCSLab RTT AP2,24:29:34:e1:ef:d4,-70,4853,340,7,8,87.5,MCSLab RTT AP3,b0:e4:d5:88:16:86,-57,4508,1725,7,8,87.5,MCSLab RTT AP3,e4:5e:1b:a0:5e:85,-57,2822,320,7,8,87.5
1770208614880,8-11,132,MCSLab RTT AP1,24:29:34:e2:4c:36,-63,2509,688,7,8,87.5,MCSLab RTT AP2,24:29:34:e1:ef:d4,-70,4697,430,7,8,87.5,MCSLab RTT AP3,b0:e4:d5:88:16:86,-58,5057,1170,7,8,87.5,MCSLab RTT AP3,e4:5e:1b:a0:5e:85,-57,2822,322,7,8,87.5
1770208615055,8-11,100,MCSLab RTT AP1,24:29:34:e2:4c:36,-63,2587,638,7,8,87.5,MCSLab RTT AP2,24:29:34:e1:ef:d4,-70,4736,424,7,8,87.5,MCSLab RTT AP3,b0:e4:d5:88:16:86,-63,5086,1221,7,8,87.5,MCSLab RTT AP3,e4:5e:1b:a0:5e:85,-57,2900,246,7,8,87.5
1770208615309,8-11,133,MCSLab RTT AP1,24:29:34:e2:4c:36,-63,2431,834,7,8,87.5,MCSLab RTT AP2,24:29:34:e1:ef:d4,-69,4697,446,7,8,87.5,MCSLab RTT AP3,b0:e4:d5:88:16:86,-61,5145,1183,7,8,87.5,MCSLab RTT AP3,e4:5e:1b:a0:5e:85,-57,2939,216,7,8,87.5
1770208615507,8-11,126,MCSLab RTT AP1,24:29:34:e2:4c:36,-63,2431,803,7,8,87.5,MCSLab RTT AP2,24:29:34:e1:ef:d4,-70,4697,471,7,8,87.5,MCSLab RTT AP3,b0:e4:d5:88:16:86,-63,5145,1235,7,8,87.5,MCSLab RTT AP3,e4:5e:1b:a0:5e:85,-57,2900,906,7,8,87.5
1770208615698,8-11,111,MCSLab RTT AP1,24:29:34:e2:4c:36,-63,2509,765,7,8,87.5,MCSLab RTT AP2,24:29:34:e1:ef:d4,-69,4853,340,7,8,87.5,MCSLab RTT AP3,b0:e4:d5:88:16:86,-61,5382,1142,7,8,87.5,MCSLab RTT AP3,e4:5e:1b:a0:5e:85,-57,2900,262,7,8,87.5
1770208615903,8-11,110,MCSLab RTT AP1,24:29:34:e2:4c:36,-63,2509,821,7,8,87.5,MCSLab RTT AP2,24:29:34:e1:ef:d4,-70,4697,425,7,8,87.5,MCSLab RTT AP3,b0:e4:d5:88:16:86,-63,5086,1202,7,8,87.5,MCSLab RTT AP3,e4:5e:1b:a0:5e:85,-57,2939,293,7,8,87.5
1770208616126,8-11,128,MCSLab RTT AP1,24:29:34:e2:4c:36,-63,2548,701,7,8,87.5,MCSLab RTT AP2,24:29:34:e1:ef:d4,-70,4736,475,7,8,87.5,MCSLab RTT AP3,b0:e4:d5:88:16:86,-63,5086,1240,7,8,87.5,MCSLab RTT AP3,e4:5e:1b:a0:5e:85,-57,2851,285,7,8,87.5
1770208616314,8-11,109,MCSLab RTT AP1,24:29:34:e2:4c:36,-63,2509,702,7,8,87.5,MCSLab RTT AP2,24:29:34:e1:ef:d4,-70,4775,408,7,8,87.5,MCSLab RTT AP3,b0:e4:d5:88:16:86,-63,4998,1265,7,8,87.5,MCSLab RTT AP3,e4:5e:1b:a0:5e:85,-57,2822,265,7,8,87.5
1770208616518,8-11,104,MCSLab RTT AP1,24:29:34:e2:4c:36,-63,2392,721,7,8,87.5,MCSLab RTT AP2,24:29:34:e1:ef:d4,-70,4775,1470,7,8,87.5,MCSLab RTT AP3,b0:e4:d5:88:16:86,-63,5262,1132,7,8,87.5,MCSLab RTT AP3,e4:5e:1b:a0:5e:85,-57,2861,277,7,8,87.5
1770208616745,8-11,125,MCSLab RTT AP1,24:29:34:e2:4c:36,-58,2392,3783,7,8,87.5,MCSLab RTT AP2,24:29:34:e1:ef:d4,-70,4775,370,7,8,87.5,MCSLab RTT AP3,b0:e4:d5:88:16:86,-63,5174,1156,7,8,87.5,MCSLab RTT AP3,e4:5e:1b:a0:5e:85,-57,2900,262,7,8,87.5
1770208616931,8-11,104,MCSLab RTT AP1,24:29:34:e2:4c:36,-63,2509,711,7,8,87.5,MCSLab RTT AP2,24:29:34:e1:ef:d4,-70,4853,363,7,8,87.5,MCSLab RTT AP3,b0:e4:d5:88:16:86,-58,5328,1160,7,8,87.5,MCSLab RTT AP3,e4:5e:1b:a0:5e:85,-57,2861,304,7,8,87.5
1770208617152,8-11,119,MCSLab RTT AP1,24:29:34:e2:4c:36,-63,2392,760,7,8,87.5,MCSLab RTT AP2,24:29:34:e1:ef:d4,-70,4814,375,7,8,87.5,MCSLab RTT AP3,b0:e4:d5:88:16:86,-63,4617,1593,7,8,87.5,MCSLab RTT AP3,e4:5e:1b:a0:5e:85,-57,2529,1279,7,8,87.5
1770208617375,8-11,135,MCSLab RTT AP1,24:29:34:e2:4c:36,-63,2431,743,7,8,87.5,MCSLab RTT AP2,24:29:34:e1:ef:d4,-70,4814,337,7,8,87.5,MCSLab RTT AP3,b0:e4:d5:88:16:86,-63,5057,1312,7,8,87.5,MCSLab RTT AP3,e4:5e:1b:a0:5e:85,-57,2900,325,7,8,87.5
1770208617570,8-11,123,MCSLab RTT AP1,24:29:34:e2:4c:36,-63,2509,661,7,8,87.5,MCSLab RTT AP2,24:29:34:e1:ef:d4,-69,4736,374,7,8,87.5,MCSLab RTT AP3,b0:e4:d5:88:16:86,-63,5086,1239,7,8,87.5,MCSLab RTT AP3,e4:5e:1b:a0:5e:85,-57,2900,258,7,8,87.5
1770208617756,8-11,102,MCSLab RTT AP1,24:29:34:e2:4c:36,-63,2627,678,7,8,87.5,MCSLab RTT AP2,24:29:34:e1:ef:d4,-70,4814,414,7,8,87.5,MCSLab RTT AP3,b0:e4:d5:88:16:86,-58,5145,1172,7,8,87.5,MCSLab RTT AP3,e4:5e:1b:a0:5e:85,-57,2900,313,7,8,87.5
1770208617988,8-11,127,MCSLab RTT AP1,24:29:34:e2:4c:36,-63,2353,756,7,8,87.5,MCSLab RTT AP2,24:29:34:e1:ef:d4,-70,4775,360,7,8,87.5,MCSLab RTT AP3,b0:e4:d5:88:16:86,-63,5116,1227,7,8,87.5,MCSLab RTT AP3,e4:5e:1b:a0:5e:85,-55,2900,300,7,8,87.5
1770208618181,8-11,113,MCSLab RTT AP1,24:29:34:e2:4c:36,-63,2392,813,7,8,87.5,MCSLab RTT AP2,24:29:34:e1:ef:d4,-70,4736,370,7,8,87.5,MCSLab RTT AP3,b0:e4:d5:88:16:86,-63,5116,1212,7,8,87.5,MCSLab RTT AP3,e4:5e:1b:a0:5e:85,-56,1819,1169,7,8,87.5
1770208618379,8-11,105,MCSLab RTT AP1,24:29:34:e2:4c:36,-63,2353,811,7,8,87.5,MCSLab RTT AP2,24:29:34:e1:ef:d4,-70,4853,335,7,8,87.5,MCSLab RTT AP3,b0:e4:d5:88:16:86,-62,5057,1298,7,8,87.5,MCSLab RTT AP3,e4:5e:1b:a0:5e:85,-57,3018,207,7,8,87.5
1770208618638,8-11,157,MCSLab RTT AP1,24:29:34:e2:4c:36,-63,2470,725,7,8,87.5,MCSLab RTT AP2,24:29:34:e1:ef:d4,-70,4619,473,7,8,87.5,MCSLab RTT AP3,b0:e4:d5:88:16:86,-63,5057,1275,7,8,87.5,MCSLab RTT AP3,e4:5e:1b:a0:5e:85,-57,2676,1019,7,8,87.5
1770208618821,8-11,133,MCSLab RTT AP1,24:29:34:e2:4c:36,-63,2392,763,7,8,87.5,MCSLab RTT AP2,24:29:34:e1:ef:d4,-69,4658,456,7,8,87.5,MCSLab RTT AP3,b0:e4:d5:88:16:86,-63,5116,1069,7,8,87.5,MCSLab RTT AP3,e4:5e:1b:a0:5e:85,-57,2939,286,7,8,87.5
1770208619001,8-11,105,MCSLab RTT AP1,24:29:34:e2:4c:36,-63,2431,756,7,8,87.5,MCSLab RTT AP2,24:29:34:e1:ef:d4,-69,4814,795,7,8,87.5,MCSLab RTT AP3,b0:e4:d5:88:16:86,-63,5057,1217,7,8,87.5,MCSLab RTT AP3,e4:5e:1b:a0:5e:85,-57,2939,1005,7,8,87.5
1770208619236,8-11,133,MCSLab RTT AP1,24:29:34:e2:4c:36,-63,2509,719,7,8,87.5,MCSLab RTT AP2,24:29:34:e1:ef:d4,-69,4697,471,7,8,87.5,MCSLab RTT AP3,b0:e4:d5:88:16:86,-63,5174,1200,7,8,87.5,MCSLab RTT AP3,e4:5e:1b:a0:5e:85,-57,2900,276,7,8,87.5
1770208619439,8-11,129,MCSLab RTT AP1,24:29:34:e2:4c:36,-63,2470,751,7,8,87.5,MCSLab RTT AP2,24:29:34:e1:ef:d4,-70,4697,460,7,8,87.5,MCSLab RTT AP3,b0:e4:d5:88:16:86,-63,5145,1211,7,8,87.5,MCSLab RTT AP3,e4:5e:1b:a0:5e:85,-57,2979,313,7,8,87.5
1770208619646,8-11,129,MCSLab RTT AP1,24:29:34:e2:4c:36,-63,2314,810,7,8,87.5,MCSLab RTT AP2,24:29:34:e1:ef:d4,-69,4814,393,7,8,87.5,MCSLab RTT AP3,b0:e4:d5:88:16:86,-63,5086,1258,7,8,87.5,MCSLab RTT AP3,e4:5e:1b:a0:5e:85,-57,2939,271,7,8,87.5
1770208619847,8-11,125,MCSLab RTT AP1,24:29:34:e2:4c:36,-58,1684,1284,7,8,87.5,MCSLab RTT AP2,24:29:34:e1:ef:d4,-70,4775,403,7,8,87.5,MCSLab RTT AP3,b0:e4:d5:88:16:86,-63,5057,1292,7,8,87.5,MCSLab RTT AP3,e4:5e:1b:a0:5e:85,-57,2900,250,7,8,87.5
1770208620063,8-11,135,MCSLab RTT AP1,24:29:34:e2:4c:36,-63,2431,714,7,8,87.5,MCSLab RTT AP2,24:29:34:e1:ef:d4,-70,4775,403,7,8,87.5,MCSLab RTT AP3,b0:e4:d5:88:16:86,-63,5145,1215,7,8,87.5,MCSLab RTT AP3,e4:5e:1b:a0:5e:85,-57,2979,177,7,8,87.5
1770208620249,8-11,114,MCSLab RTT AP1,24:29:34:e2:4c:36,-63,2431,659,7,8,87.5,MCSLab RTT AP2,24:29:34:e1:ef:d4,-70,4892,369,7,8,87.5,MCSLab RTT AP3,b0:e4:d5:88:16:86,-57,5174,1484,7,8,87.5,MCSLab RTT AP3,e4:5e:1b:a0:5e:85,-55,2861,386,7,8,87.5
1770208620462,8-11,120,MCSLab RTT AP1,24:29:34:e2:4c:36,-63,2392,742,7,8,87.5,MCSLab RTT AP2,24:29:34:e1:ef:d4,-69,4892,365,7,8,87.5,MCSLab RTT AP3,b0:e4:d5:88:16:86,-63,5116,1129,7,8,87.5,MCSLab RTT AP3,e4:5e:1b:a0:5e:85,-57,2822,286,7,8,87.5
1770208620676,8-11,127,MCSLab RTT AP1,24:29:34:e2:4c:36,-63,2392,688,7,8,87.5,MCSLab RTT AP2,24:29:34:e1:ef:d4,-69,4736,369,7,8,87.5,MCSLab RTT AP3,b0:e4:d5:88:16:86,-55,5241,1448,7,8,87.5,MCSLab RTT AP3,e4:5e:1b:a0:5e:85,-57,2900,292,7,8,87.5
1770208620875,8-11,120,MCSLab RTT AP1,24:29:34:e2:4c:36,-63,2431,685,7,8,87.5,MCSLab RTT AP2,24:29:34:e1:ef:d4,-70,4697,481,7,8,87.5,MCSLab RTT AP3,b0:e4:d5:88:16:86,-63,4940,1274,7,8,87.5,MCSLab RTT AP3,e4:5e:1b:a0:5e:85,-56,3018,216,7,8,87.5
1770208621088,8-11,126,MCSLab RTT AP1,24:29:34:e2:4c:36,-63,2509,680,7,8,87.5,MCSLab RTT AP2,24:29:34:e1:ef:d4,-70,4853,357,7,8,87.5,MCSLab RTT AP3,b0:e4:d5:88:16:86,-63,5057,1275,7,8,87.5,MCSLab RTT AP3,e4:5e:1b:a0:5e:85,-57,3057,293,7,8,87.5
1770208621295,8-11,127,MCSLab RTT AP1,24:29:34:e2:4c:36,-63,2548,644,7,8,87.5,MCSLab RTT AP2,24:29:34:e1:ef:d4,-70,4775,415,7,8,87.5,MCSLab RTT AP3,b0:e4:d5:88:16:86,-63,5174,1136,7,8,87.5,MCSLab RTT AP3,e4:5e:1b:a0:5e:85,-57,2822,326,7,8,87.5
1770208621487,8-11,111,MCSLab RTT AP1,24:29:34:e2:4c:36,-63,2548,624,7,8,87.5,MCSLab RTT AP2,24:29:34:e1:ef:d4,-70,4736,386,7,8,87.5,MCSLab RTT AP3,b0:e4:d5:88:16:86,-63,5203,1143,7,8,87.5,MCSLab RTT AP3,e4:5e:1b:a0:5e:85,-57,2900,313,7,8,87.5
1770208621695,8-11,112,MCSLab RTT AP1,24:29:34:e2:4c:36,-63,2431,748,7,8,87.5,MCSLab RTT AP2,24:29:34:e1:ef:d4,-70,4697,414,7,8,87.5,MCSLab RTT AP3,b0:e4:d5:88:16:86,-63,5145,1232,7,8,87.5,MCSLab RTT AP3,e4:5e:1b:a0:5e:85,-57,2900,270,7,8,87.5
1770208621918,8-11,129,MCSLab RTT AP1,24:29:34:e2:4c:36,-63,2314,800,7,8,87.5,MCSLab RTT AP2,24:29:34:e1:ef:d4,-69,4775,398,7,8,87.5,MCSLab RTT AP3,b0:e4:d5:88:16:86,-60,5116,2314,7,8,87.5,MCSLab RTT AP3,e4:5e:1b:a0:5e:85,-57,2900,305,7,8,87.5
1770208622093,8-11,98,MCSLab RTT AP1,24:29:34:e2:4c:36,-63,2402,748,7,8,87.5,MCSLab RTT AP2,24:29:34:e1:ef:d4,-70,4658,436,7,8,87.5,MCSLab RTT AP3,b0:e4:d5:88:16:86,-63,5145,1174,7,8,87.5,MCSLab RTT AP3,e4:5e:1b:a0:5e:85,-57,2861,276,7,8,87.5
1770208622368,8-11,150,MCSLab RTT AP1,24:29:34:e2:4c:36,-63,2431,764,7,8,87.5,MCSLab RTT AP2,24:29:34:e1:ef:d4,-70,4619,489,7,8,87.5,MCSLab RTT AP3,b0:e4:d5:88:16:86,-63,5086,1227,7,8,87.5,MCSLab RTT AP3,e4:5e:1b:a0:5e:85,-57,2822,279,7,8,87.5
1770208622552,8-11,127,MCSLab RTT AP1,24:29:34:e2:4c:36,-63,2392,763,7,8,87.5,MCSLab RTT AP2,24:29:34:e1:ef:d4,-69,4814,442,7,8,87.5,MCSLab RTT AP3,b0:e4:d5:88:16:86,-63,5145,1209,7,8,87.5,MCSLab RTT AP3,e4:5e:1b:a0:5e:85,-57,2588,1194,7,8,87.5
1770208622739,8-11,108,MCSLab RTT AP1,24:29:34:e2:4c:36,-63,2353,809,7,8,87.5,MCSLab RTT AP2,24:29:34:e1:ef:d4,-70,4658,443,7,8,87.5,MCSLab RTT AP3,b0:e4:d5:88:16:86,-63,5203,1184,7,8,87.5,MCSLab RTT AP3,e4:5e:1b:a0:5e:85,-54,2939,438,7,8,87.5
1770208622967,8-11,130,MCSLab RTT AP1,24:29:34:e2:4c:36,-63,2470,696,7,8,87.5,MCSLab RTT AP2,24:29:34:e1:ef:d4,-70,4736,400,7,8,87.5,MCSLab RTT AP3,b0:e4:d5:88:16:86,-63,5203,1141,7,8,87.5,MCSLab RTT AP3,e4:5e:1b:a0:5e:85,-53,1501,1655,7,8,87.5
1770208623172,8-11,127,MCSLab RTT AP1,24:29:34:e2:4c:36,-63,2470,710,7,8,87.5,MCSLab RTT AP2,24:29:34:e1:ef:d4,-70,4736,385,7,8,87.5,MCSLab RTT AP3,b0:e4:d5:88:16:86,-63,5145,1093,7,8,87.5,MCSLab RTT AP3,e4:5e:1b:a0:5e:85,-56,2861,306,7,8,87.5
1770208623377,8-11,125,MCSLab RTT AP1,24:29:34:e2:4c:36,-63,2392,685,7,8,87.5,MCSLab RTT AP2,24:29:34:e1:ef:d4,-70,4892,313,7,8,87.5,MCSLab RTT AP3,b0:e4:d5:88:16:86,-61,5177,1167,7,8,87.5,MCSLab RTT AP3,e4:5e:1b:a0:5e:85,-57,2979,224,7,8,87.5
1770208623561,8-11,102,MCSLab RTT AP1,24:29:34:e2:4c:36,-63,2431,685,7,8,87.5,MCSLab RTT AP2,24:29:34:e1:ef:d4,-69,4619,522,7,8,87.5,MCSLab RTT AP3,b0:e4:d5:88:16:86,-63,5174,1178,7,8,87.5,MCSLab RTT AP3,e4:5e:1b:a0:5e:85,-57,2529,1315,7,8,87.5
1770208623794,8-11,128,MCSLab RTT AP1,24:29:34:e2:4c:36,-63,2509,661,7,8,87.5,MCSLab RTT AP2,24:29:34:e1:ef:d4,-70,4658,461,7,8,87.5,MCSLab RTT AP3,b0:e4:d5:88:16:86,-58,5717,1003,7,8,87.5,MCSLab RTT AP3,e4:5e:1b:a0:5e:85,-57,2861,270,7,8,87.5
1770208623997,8-11,124,MCSLab RTT AP1,24:29:34:e2:4c:36,-63,2587,592,7,8,87.5,MCSLab RTT AP2,24:29:34:e1:ef:d4,-70,4736,391,7,8,87.5,MCSLab RTT AP3,b0:e4:d5:88:16:86,-63,6000,1301,7,8,87.5,MCSLab RTT AP3,e4:5e:1b:a0:5e:85,-57,2900,330,7,8,87.5
1770208624206,8-11,126,MCSLab RTT AP1,24:29:34:e2:4c:36,-63,2431,714,7,8,87.5,MCSLab RTT AP2,24:29:34:e1:ef:d4,-70,4775,381,7,8,87.5,MCSLab RTT AP3,b0:e4:d5:88:16:86,-61,5174,1163,7,8,87.5,MCSLab RTT AP3,e4:5e:1b:a0:5e:85,-56,2881,318,7,8,87.5
1770208624412,8-11,125,MCSLab RTT AP1,24:29:34:e2:4c:36,-63,2509,648,7,8,87.5,MCSLab RTT AP2,24:29:34:e1:ef:d4,-70,4814,423,7,8,87.5,MCSLab RTT AP3,b0:e4:d5:88:16:86,-61,5265,1078,7,8,87.5,MCSLab RTT AP3,e4:5e:1b:a0:5e:85,-57,2939,273,7,8,87.5
1770208624620,8-11,126,MCSLab RTT AP1,24:29:34:e2:4c:36,-63,2509,661,7,8,87.5,MCSLab RTT AP2,24:29:34:e1:ef:d4,-70,4853,368,7,8,87.5,MCSLab RTT AP3,b0:e4:d5:88:16:86,-61,5206,1166,7,8,87.5,MCSLab RTT AP3,e4:5e:1b:a0:5e:85,-57,2939,216,7,8,87.5
1770208624807,8-11,107,MCSLab RTT AP1,24:29:34:e2:4c:36,-63,2548,556,7,8,87.5,MCSLab RTT AP2,24:29:34:e1:ef:d4,-70,4697,408,7,8,87.5,MCSLab RTT AP3,b0:e4:d5:88:16:86,-63,5116,1264,7,8,87.5,MCSLab RTT AP3,e4:5e:1b:a0:5e:85,-57,2939,217,7,8,87.5
1770208625038,8-11,131,MCSLab RTT AP1,24:29:34:e2:4c:36,-63,2353,768,7,8,87.5,MCSLab RTT AP2,24:29:34:e1:ef:d4,-70,4619,449,7,8,87.5,MCSLab RTT AP3,b0:e4:d5:88:16:86,-57,5235,1452,7,8,87.5,MCSLab RTT AP3,e4:5e:1b:a0:5e:85,-57,2939,236,7,8,87.5
1770208625241,8-11,127,MCSLab RTT AP1,24:29:34:e2:4c:36,-63,2431,762,7,8,87.5,MCSLab RTT AP2,24:29:34:e1:ef:d4,-70,4931,324,7,8,87.5,MCSLab RTT AP3,b0:e4:d5:88:16:86,-63,5203,1184,7,8,87.5,MCSLab RTT AP3,e4:5e:1b:a0:5e:85,-57,2939,230,7,8,87.5
1770208625439,8-11,118,MCSLab RTT AP1,24:29:34:e2:4c:36,-63,2627,657,7,8,87.5,MCSLab RTT AP2,24:29:34:e1:ef:d4,-70,4736,401,7,8,87.5,MCSLab RTT AP3,b0:e4:d5:88:16:86,-63,5203,1086,7,8,87.5,MCSLab RTT AP3,e4:5e:1b:a0:5e:85,-57,3135,204,7,8,87.5
1770208625657,8-11,128,MCSLab RTT AP1,24:29:34:e2:4c:36,-63,2509,711,7,8,87.5,MCSLab RTT AP2,24:29:34:e1:ef:d4,-70,4853,401,7,8,87.5,MCSLab RTT AP3,b0:e4:d5:88:16:86,-63,5145,1235,7,8,87.5,MCSLab RTT AP3,e4:5e:1b:a0:5e:85,-57,2861,276,7,8,87.5
1770208625881,8-11,133,MCSLab RTT AP1,24:29:34:e2:4c:36,-63,2392,667,7,8,87.5,MCSLab RTT AP2,24:29:34:e1:ef:d4,-70,4736,405,7,8,87.5,MCSLab RTT AP3,b0:e4:d5:88:16:86,-63,5370,1062,7,8,87.5,MCSLab RTT AP3,e4:5e:1b:a0:5e:85,-57,2939,231,7,8,87.5
1770208626051,8-11,97,MCSLab RTT AP1,24:29:34:e2:4c:36,-63,2431,717,7,8,87.5,MCSLab RTT AP2,24:29:34:e1:ef:d4,-70,4892,359,7,8,87.5,MCSLab RTT AP3,b0:e4:d5:88:16:86,-58,5680,1119,7,8,87.5,MCSLab RTT AP3,e4:5e:1b:a0:5e:85,-57,2861,294,7,8,87.5
1770208626296,8-11,135,MCSLab RTT AP1,24:29:34:e2:4c:36,-63,2548,671,7,8,87.5,MCSLab RTT AP2,24:29:34:e1:ef:d4,-70,4814,362,7,8,87.5,MCSLab RTT AP3,b0:e4:d5:88:16:86,-63,5116,1233,7,8,87.5,MCSLab RTT AP3,e4:5e:1b:a0:5e:85,-57,2939,240,7,8,87.5
1770208626516,8-11,132,MCSLab RTT AP1,24:29:34:e2:4c:36,-63,2314,814,7,8,87.5,MCSLab RTT AP2,24:29:34:e1:ef:d4,-70,4853,354,7,8,87.5,MCSLab RTT AP3,b0:e4:d5:88:16:86,-63,5203,1129,7,8,87.5,MCSLab RTT AP3,e4:5e:1b:a0:5e:85,-57,3018,208,7,8,87.5
1770208626692,8-11,100,MCSLab RTT AP1,24:29:34:e2:4c:36,-63,2470,708,7,8,87.5,MCSLab RTT AP2,24:29:34:e1:ef:d4,-70,4658,480,7,8,87.5,MCSLab RTT AP3,b0:e4:d5:88:16:86,-63,5057,1198,7,8,87.5,MCSLab RTT AP3,e4:5e:1b:a0:5e:85,-57,2900,277,7,8,87.5
1770208626927,8-11,129,MCSLab RTT AP1,24:29:34:e2:4c:36,-63,2509,622,7,8,87.5,MCSLab RTT AP2,24:29:34:e1:ef:d4,-70,4736,405,7,8,87.5,MCSLab RTT AP3,b0:e4:d5:88:16:86,-63,5145,1213,7,8,87.5,MCSLab RTT AP3,e4:5e:1b:a0:5e:85,-57,2861,304,7,8,87.5
1770208627129,8-11,124,MCSLab RTT AP1,24:29:34:e2:4c:36,-63,2470,635,7,8,87.5,MCSLab RTT AP2,24:29:34:e1:ef:d4,-69,4853,334,7,8,87.5,MCSLab RTT AP3,b0:e4:d5:88:16:86,-63,5057,1220,7,8,87.5,MCSLab RTT AP3,e4:5e:1b:a0:5e:85,-56,2900,823,7,8,87.5
1770208627312,8-11,100,MCSLab RTT AP1,24:29:34:e2:4c:36,-63,2509,667,7,8,87.5,MCSLab RTT AP2,24:29:34:e1:ef:d4,-69,4892,303,7,8,87.5,MCSLab RTT AP3,b0:e4:d5:88:16:86,-63,5057,1196,7,8,87.5,MCSLab RTT AP3,e4:5e:1b:a0:5e:85,-56,2979,256,7,8,87.5
1770208627550,8-11,131,MCSLab RTT AP1,24:29:34:e2:4c:36,-63,2509,661,7,8,87.5,MCSLab RTT AP2,24:29:34:e1:ef:d4,-70,4814,348,7,8,87.5,MCSLab RTT AP3,b0:e4:d5:88:16:86,-63,5116,1129,7,8,87.5,MCSLab RTT AP3,e4:5e:1b:a0:5e:85,-57,2939,231,7,8,87.5
1770208627754,8-11,128,MCSLab RTT AP1,24:29:34:e2:4c:36,-63,2353,708,7,8,87.5,MCSLab RTT AP2,24:29:34:e1:ef:d4,-69,4814,368,7,8,87.5,MCSLab RTT AP3,b0:e4:d5:88:16:86,-63,5116,1230,7,8,87.5,MCSLab RTT AP3,e4:5e:1b:a0:5e:85,-56,2851,298,7,8,87.5
1770208627933,8-11,100,MCSLab RTT AP1,24:29:34:e2:4c:36,-63,2431,731,7,8,87.5,MCSLab RTT AP2,24:29:34:e1:ef:d4,-70,4892,347,7,8,87.5,MCSLab RTT AP3,b0:e4:d5:88:16:86,-63,5174,1139,7,8,87.5,MCSLab RTT AP3,e4:5e:1b:a0:5e:85,-55,1975,1201,7,8,87.5
1770208628173,8-11,133,MCSLab RTT AP1,24:29:34:e2:4c:36,-63,2548,638,7,8,87.5,MCSLab RTT AP2,24:29:34:e1:ef:d4,-70,4697,460,7,8,87.5,MCSLab RTT AP3,b0:e4:d5:88:16:86,-63,5116,1174,7,8,87.5,MCSLab RTT AP3,e4:5e:1b:a0:5e:85,-57,2939,264,7,8,87.5
1770208628372,8-11,125,MCSLab RTT AP1,24:29:34:e2:4c:36,-63,2470,678,7,8,87.5,MCSLab RTT AP2,24:29:34:e1:ef:d4,-69,4658,441,7,8,87.5,MCSLab RTT AP3,b0:e4:d5:88:16:86,-63,5086,1258,7,8,87.5,MCSLab RTT AP3,e4:5e:1b:a0:5e:85,-57,2939,286,7,8,87.5
1770208628553,8-11,99,MCSLab RTT AP1,24:29:34:e2:4c:36,-63,2548,631,7,8,87.5,MCSLab RTT AP2,24:29:34:e1:ef:d4,-70,4931,324,7,8,87.5,MCSLab RTT AP3,b0:e4:d5:88:16:86,-63,5203,1127,7,8,87.5,MCSLab RTT AP3,e4:5e:1b:a0:5e:85,-57,2900,273,7,8,87.5
1770208628788,8-11,127,MCSLab RTT AP1,24:29:34:e2:4c:36,-63,2470,735,7,8,87.5,MCSLab RTT AP2,24:29:34:e1:ef:d4,-69,4892,360,7,8,87.5,MCSLab RTT AP3,b0:e4:d5:88:16:86,-63,5174,1165,7,8,87.5,MCSLab RTT AP3,e4:5e:1b:a0:5e:85,-57,2783,340,7,8,87.5
1770208628992,8-11,124,MCSLab RTT AP1,24:29:34:e2:4c:36,-63,2392,794,7,8,87.5,MCSLab RTT AP2,24:29:34:e1:ef:d4,-69,4970,330,7,8,87.5,MCSLab RTT AP3,b0:e4:d5:88:16:86,-63,5086,1244,7,8,87.5,MCSLab RTT AP3,e4:5e:1b:a0:5e:85,-57,2979,277,7,8,87.5
1770208629172,8-11,96,MCSLab RTT AP1,24:29:34:e2:4c:36,-63,2587,650,7,8,87.5,MCSLab RTT AP2,24:29:34:e1:ef:d4,-69,4697,486,7,8,87.5,MCSLab RTT AP3,b0:e4:d5:88:16:86,-63,5174,1165,7,8,87.5,MCSLab RTT AP3,e4:5e:1b:a0:5e:85,-57,2822,369,7,8,87.5
1770208629428,8-11,133,MCSLab RTT AP1,24:29:34:e2:4c:36,-63,2431,714,7,8,87.5,MCSLab RTT AP2,24:29:34:e1:ef:d4,-69,4619,480,7,8,87.5,MCSLab RTT AP3,b0:e4:d5:88:16:86,-63,5826,1322,7,8,87.5,MCSLab RTT AP3,e4:5e:1b:a0:5e:85,-55,2014,1101,7,8,87.5
1770208629620,8-11,119,MCSLab RTT AP1,24:29:34:e2:4c:36,-57,1841,1144,7,8,87.5,MCSLab RTT AP2,24:29:34:e1:ef:d4,-69,4814,363,7,8,87.5,MCSLab RTT AP3,b0:e4:d5:88:16:86,-60,5145,1282,7,8,87.5,MCSLab RTT AP3,e4:5e:1b:a0:5e:85,-55,2881,280,7,8,87.5
1770208629807,8-11,99,MCSLab RTT AP1,24:29:34:e2:4c:36,-63,2431,714,7,8,87.5,MCSLab RTT AP2,24:29:34:e1:ef:d4,-69,4853,356,7,8,87.5,MCSLab RTT AP3,b0:e4:d5:88:16:86,-63,5116,1213,7,8,87.5,MCSLab RTT AP3,e4:5e:1b:a0:5e:85,-57,2822,264,7,8,87.5
1770208630045,8-11,131,MCSLab RTT AP1,24:29:34:e2:4c:36,-63,2470,716,7,8,87.5,MCSLab RTT AP2,24:29:34:e1:ef:d4,-69,4736,409,7,8,87.5,MCSLab RTT AP3,b0:e4:d5:88:16:86,-61,5174,1296,7,8,87.5,MCSLab RTT AP3,e4:5e:1b:a0:5e:85,-57,2744,352,7,8,87.5
1770208630248,8-11,127,MCSLab RTT AP1,24:29:34:e2:4c:36,-63,2431,701,7,8,87.5,MCSLab RTT AP2,24:29:34:e1:ef:d4,-69,4814,394,7,8,87.5,MCSLab RTT AP3,b0:e4:d5:88:16:86,-63,5174,1169,7,8,87.5,MCSLab RTT AP3,e4:5e:1b:a0:5e:85,-57,2822,380,7,8,87.5
1770208630445,8-11,117,MCSLab RTT AP1,24:29:34:e2:4c:36,-63,2509,630,7,8,87.5,MCSLab RTT AP2,24:29:34:e1:ef:d4,-69,4697,446,7,8,87.5,MCSLab RTT AP3,b0:e4:d5:88:16:86,-63,4998,1301,7,8,87.5,MCSLab RTT AP3,e4:5e:1b:a0:5e:85,-57,2900,250,7,8,87.5
1770208630665,8-11,130,MCSLab RTT AP1,24:29:34:e2:4c:36,-63,2392,721,7,8,87.5,MCSLab RTT AP2,24:29:34:e1:ef:d4,-69,4736,362,7,8,87.5,MCSLab RTT AP3,b0:e4:d5:88:16:86,-61,5323,1076,7,8,87.5,MCSLab RTT AP3,e4:5e:1b:a0:5e:85,-57,2861,290,7,8,87.5
1770208630870,8-11,129,MCSLab RTT AP1,24:29:34:e2:4c:36,-63,2470,641,7,8,87.5,MCSLab RTT AP2,24:29:34:e1:ef:d4,-69,4892,341,7,8,87.5,MCSLab RTT AP3,b0:e4:d5:88:16:86,-61,5265,1091,7,8,87.5,MCSLab RTT AP3,e4:5e:1b:a0:5e:85,-57,2939,249,7,8,87.5
1770208631059,8-11,111,MCSLab RTT AP1,24:29:34:e2:4c:36,-63,2548,614,7,8,87.5,MCSLab RTT AP2,24:29:34:e1:ef:d4,-69,4658,447,7,8,87.5,MCSLab RTT AP3,b0:e4:d5:88:16:86,-61,4998,1371,7,8,87.5,MCSLab RTT AP3,e4:5e:1b:a0:5e:85,-57,2861,283,7,8,87.5
1770208631272,8-11,118,MCSLab RTT AP1,24:29:34:e2:4c:36,-63,2509,607,7,8,87.5,MCSLab RTT AP2,24:29:34:e1:ef:d4,-69,4814,384,7,8,87.5,MCSLab RTT AP3,b0:e4:d5:88:16:86,-61,5086,1219,7,8,87.5,MCSLab RTT AP3,e4:5e:1b:a0:5e:85,-57,2900,250,7,8,87.5
1770208631509,8-11,149,MCSLab RTT AP1,24:29:34:e2:4c:36,-63,2470,610,7,8,87.5,MCSLab RTT AP2,24:29:34:e1:ef:d4,-69,4814,346,7,8,87.5,MCSLab RTT AP3,b0:e4:d5:88:16:86,-63,5174,1122,7,8,87.5,MCSLab RTT AP3,e4:5e:1b:a0:5e:85,-57,2412,1270,7,8,87.5
1770208631687,8-11,117,MCSLab RTT AP1,24:29:34:e2:4c:36,-58,1919,979,7,8,87.5,MCSLab RTT AP2,24:29:34:e1:ef:d4,-69,4775,408,7,8,87.5,MCSLab RTT AP3,b0:e4:d5:88:16:86,-61,5057,1387,7,8,87.5,MCSLab RTT AP3,e4:5e:1b:a0:5e:85,-57,2900,285,7,8,87.5
1770208631929,8-11,151,MCSLab RTT AP1,24:29:34:e2:4c:36,-63,2431,671,7,8,87.5,MCSLab RTT AP2,24:29:34:e1:ef:d4,-69,4736,1283,7,8,87.5,MCSLab RTT AP3,b0:e4:d5:88:16:86,-63,5086,1222,7,8,87.5,MCSLab RTT AP3,e4:5e:1b:a0:5e:85,-57,2900,269,7,8,87.5
1770208632122,8-11,133,MCSLab RTT AP1,24:29:34:e2:4c:36,-63,2470,659,7,8,87.5,MCSLab RTT AP2,24:29:34:e1:ef:d4,-69,4697,424,7,8,87.5,MCSLab RTT AP3,b0:e4:d5:88:16:86,-63,5057,1219,7,8,87.5,MCSLab RTT AP3,e4:5e:1b:a0:5e:85,-55,2939,224,7,8,87.5
1770208632319,8-11,123,MCSLab RTT AP1,24:29:34:e2:4c:36,-63,2353,768,7,8,87.5,MCSLab RTT AP2,24:29:34:e1:ef:d4,-69,4853,363,7,8,87.5,MCSLab RTT AP3,b0:e4:d5:88:16:86,-63,5086,1201,7,8,87.5,MCSLab RTT AP3,e4:5e:1b:a0:5e:85,-55,2132,940,7,8,87.5
1770208632548,8-11,145,MCSLab RTT AP1,24:29:34:e2:4c:36,-63,2431,734,7,8,87.5,MCSLab RTT AP2,24:29:34:e1:ef:d4,-69,4892,359,7,8,87.5,MCSLab RTT AP3,b0:e4:d5:88:16:86,-63,5145,1134,7,8,87.5,MCSLab RTT AP3,e4:5e:1b:a0:5e:85,-57,2822,319,7,8,87.5
1770208632759,8-11,149,MCSLab RTT AP1,24:29:34:e2:4c:36,-63,2470,670,7,8,87.5,MCSLab RTT AP2,24:29:34:e1:ef:d4,-69,4970,342,7,8,87.5,MCSLab RTT AP3,b0:e4:d5:88:16:86,-63,5086,1282,7,8,87.5,MCSLab RTT AP3,e4:5e:1b:a0:5e:85,-57,2822,272,7,8,87.5
1770208632941,8-11,116,MCSLab RTT AP1,24:29:34:e2:4c:36,-63,2353,800,7,8,87.5,MCSLab RTT AP2,24:29:34:e1:ef:d4,-69,4853,396,7,8,87.5,MCSLab RTT AP3,b0:e4:d5:88:16:86,-63,5446,1056,7,8,87.5,MCSLab RTT AP3,e4:5e:1b:a0:5e:85,-57,2978,242,7,8,87.5
1770208633145,8-11,112,MCSLab RTT AP1,24:29:34:e2:4c:36,-63,2509,680,7,8,87.5,MCSLab RTT AP2,24:29:34:e1:ef:d4,-69,4775,365,7,8,87.5,MCSLab RTT AP3,b0:e4:d5:88:16:86,-63,5057,1219,7,8,87.5,MCSLab RTT AP3,e4:5e:1b:a0:5e:85,-57,2861,297,7,8,87.5
1770208633366,8-11,126,MCSLab RTT AP1,24:29:34:e2:4c:36,-63,2509,711,7,8,87.5,MCSLab RTT AP2,24:29:34:e1:ef:d4,-69,4697,471,7,8,87.5,MCSLab RTT AP3,b0:e4:d5:88:16:86,-63,5116,1246,7,8,87.5,MCSLab RTT AP3,e4:5e:1b:a0:5e:85,-57,2900,277,7,8,87.5
1770208633572,8-11,124,MCSLab RTT AP1,24:29:34:e2:4c:36,-63,2587,629,7,8,87.5,MCSLab RTT AP2,24:29:34:e1:ef:d4,-69,4814,424,7,8,87.5,MCSLab RTT AP3,b0:e4:d5:88:16:86,-63,5086,1186,7,8,87.5,MCSLab RTT AP3,e4:5e:1b:a0:5e:85,-57,3018,248,7,8,87.5
1770208633768,8-11,113,MCSLab RTT AP1,24:29:34:e2:4c:36,-63,2587,619,7,8,87.5,MCSLab RTT AP2,24:29:34:e1:ef:d4,-69,4736,415,7,8,87.5,MCSLab RTT AP3,b0:e4:d5:88:16:86,-63,5145,1170,7,8,87.5,MCSLab RTT AP3,e4:5e:1b:a0:5e:85,-55,2861,324,7,8,87.5
1770208633985,8-11,123,MCSLab RTT AP1,24:29:34:e2:4c:36,-63,2509,633,7,8,87.5,MCSLab RTT AP2,24:29:34:e1:ef:d4,-70,4658,427,7,8,87.5,MCSLab RTT AP3,b0:e4:d5:88:16:86,-63,5086,1183,7,8,87.5,MCSLab RTT AP3,e4:5e:1b:a0:5e:85,-55,2900,363,7,8,87.5
1770208634180,8-11,112,MCSLab RTT AP1,24:29:34:e2:4c:36,-63,2509,674,7,8,87.5,MCSLab RTT AP2,24:29:34:e1:ef:d4,-69,4736,420,7,8,87.5,MCSLab RTT AP3,b0:e4:d5:88:16:86,-63,5233,1069,7,8,87.5,MCSLab RTT AP3,e4:5e:1b:a0:5e:85,-57,2900,336,7,8,87.5
1770208634377,8-11,102,MCSLab RTT AP1,24:29:34:e2:4c:36,-63,2548,644,7,8,87.5,MCSLab RTT AP2,24:29:34:e1:ef:d4,-69,4814,386,7,8,87.5,MCSLab RTT AP3,b0:e4:d5:88:16:86,-63,5233,1069,7,8,87.5,MCSLab RTT AP3,e4:5e:1b:a0:5e:85,-57,2861,311,7,8,87.5
1770208634608,8-11,126,MCSLab RTT AP1,24:29:34:e2:4c:36,-63,2431,696,7,8,87.5,MCSLab RTT AP2,24:29:34:e1:ef:d4,-69,4931,349,7,8,87.5,MCSLab RTT AP3,b0:e4:d5:88:16:86,-63,5086,1204,7,8,87.5,MCSLab RTT AP3,e4:5e:1b:a0:5e:85,-57,2783,328,7,8,87.5
1770208634804,8-11,114,MCSLab RTT AP1,24:29:34:e2:4c:36,-63,2431,653,7,8,87.5,MCSLab RTT AP2,24:29:34:e1:ef:d4,-69,4580,478,7,8,87.5,MCSLab RTT AP3,b0:e4:d5:88:16:86,-63,5086,1260,7,8,87.5,MCSLab RTT AP3,e4:5e:1b:a0:5e:85,-57,2822,343,7,8,87.5
1770208635009,8-11,111,MCSLab RTT AP1,24:29:34:e2:4c:36,-63,2509,664,7,8,87.5,MCSLab RTT AP2,24:29:34:e1:ef:d4,-69,4853,379,7,8,87.5,MCSLab RTT AP3,b0:e4:d5:88:16:86,-63,5086,1249,7,8,87.5,MCSLab RTT AP3,e4:5e:1b:a0:5e:85,-57,2861,297,7,8,87.5
1770208635231,8-11,125,MCSLab RTT AP1,24:29:34:e2:4c:36,-63,2548,647,7,8,87.5,MCSLab RTT AP2,24:29:34:e1:ef:d4,-69,4697,463,7,8,87.5,MCSLab RTT AP3,b0:e4:d5:88:16:86,-63,5057,1218,7,8,87.5,MCSLab RTT AP3,e4:5e:1b:a0:5e:85,-57,2822,279,7,8,87.5
1770208635437,8-11,124,MCSLab RTT AP1,24:29:34:e2:4c:36,-63,2392,729,7,8,87.5,MCSLab RTT AP2,24:29:34:e1:ef:d4,-69,4697,403,7,8,87.5,MCSLab RTT AP3,b0:e4:d5:88:16:86,-61,5235,1074,7,8,87.5,MCSLab RTT AP3,e4:5e:1b:a0:5e:85,-55,2822,316,7,8,87.5
1770208635620,8-11,101,MCSLab RTT AP1,24:29:34:e2:4c:36,-63,2548,641,7,8,87.5,MCSLab RTT AP2,24:29:34:e1:ef:d4,-69,4736,455,7,8,87.5,MCSLab RTT AP3,b0:e4:d5:88:16:86,-63,5145,1135,7,8,87.5,MCSLab RTT AP3,e4:5e:1b:a0:5e:85,-57,2978,242,7,8,87.5
1770208635858,8-11,131,MCSLab RTT AP1,24:29:34:e2:4c:36,-63,2509,708,7,8,87.5,MCSLab RTT AP2,24:29:34:e1:ef:d4,-69,4775,396,7,8,87.5,MCSLab RTT AP3,b0:e4:d5:88:16:86,-63,5086,1283,7,8,87.5,MCSLab RTT AP3,e4:5e:1b:a0:5e:85,-57,2861,294,7,8,87.5
1770208636063,8-11,128,MCSLab RTT AP1,24:29:34:e2:4c:36,-63,2509,719,7,8,87.5,MCSLab RTT AP2,24:29:34:e1:ef:d4,-69,4658,450,7,8,87.5,MCSLab RTT AP3,b0:e4:d5:88:16:86,-63,5233,1112,7,8,87.5,MCSLab RTT AP3,e4:5e:1b:a0:5e:85,-57,2900,238,7,8,87.5
1770208636289,8-11,147,MCSLab RTT AP1,24:29:34:e2:4c:36,-63,2548,734,7,8,87.5,MCSLab RTT AP2,24:29:34:e1:ef:d4,-69,4658,427,7,8,87.5,MCSLab RTT AP3,b0:e4:d5:88:16:86,-63,5086,1247,7,8,87.5,MCSLab RTT AP3,e4:5e:1b:a0:5e:85,-57,2861,342,7,8,87.5
1770208636489,8-11,133,MCSLab RTT AP1,24:29:34:e2:4c:36,-63,2509,708,7,8,87.5,MCSLab RTT AP2,24:29:34:e1:ef:d4,-69,4775,375,7,8,87.5,MCSLab RTT AP3,b0:e4:d5:88:16:86,-63,5086,1163,7,8,87.5,MCSLab RTT AP3,e4:5e:1b:a0:5e:85,-57,2822,303,7,8,87.5
1770208636689,8-11,126,MCSLab RTT AP1,24:29:34:e2:4c:36,-63,2470,698,7,8,87.5,MCSLab RTT AP2,24:29:34:e1:ef:d4,-69,4853,348,7,8,87.5,MCSLab RTT AP3,b0:e4:d5:88:16:86,-63,5028,1272,7,8,87.5,MCSLab RTT AP3,e4:5e:1b:a0:5e:85,-57,2900,292,7,8,87.5
1770208636878,8-11,106,MCSLab RTT AP1,24:29:34:e2:4c:36,-63,2392,749,7,8,87.5,MCSLab RTT AP2,24:29:34:e1:ef:d4,-69,4892,341,7,8,87.5,MCSLab RTT AP3,b0:e4:d5:88:16:86,-63,5145,1133,7,8,87.5,MCSLab RTT AP3,e4:5e:1b:a0:5e:85,-57,2900,331,7,8,87.5
1770208637105,8-11,126,MCSLab RTT AP1,24:29:34:e2:4c:36,-63,2470,708,7,8,87.5,MCSLab RTT AP2,24:29:34:e1:ef:d4,-69,4775,354,7,8,87.5,MCSLab RTT AP3,b0:e4:d5:88:16:86,-63,5174,1159,7,8,87.5,MCSLab RTT AP3,e4:5e:1b:a0:5e:85,-57,2822,380,7,8,87.5
1770208637317,8-11,131,MCSLab RTT AP1,24:29:34:e2:4c:36,-63,2431,710,7,8,87.5,MCSLab RTT AP2,24:29:34:e1:ef:d4,-69,4892,384,7,8,87.5,MCSLab RTT AP3,b0:e4:d5:88:16:86,-63,5086,1202,7,8,87.5,MCSLab RTT AP3,e4:5e:1b:a0:5e:85,-57,2900,230,7,8,87.5
1770208637493,8-11,100,MCSLab RTT AP1,24:29:34:e2:4c:36,-63,2353,756,7,8,87.5,MCSLab RTT AP2,24:29:34:e1:ef:d4,-69,4775,386,7,8,87.5,MCSLab RTT AP3,b0:e4:d5:88:16:86,-63,5086,1160,7,8,87.5,MCSLab RTT AP3,e4:5e:1b:a0:5e:85,-57,2940,286,7,8,87.5
1770208637737,8-11,136,MCSLab RTT AP1,24:29:34:e2:4c:36,-63,2548,614,7,8,87.5,MCSLab RTT AP2,24:29:34:e1:ef:d4,-69,4814,409,7,8,87.5,MCSLab RTT AP3,b0:e4:d5:88:16:86,-63,5174,1122,7,8,87.5,MCSLab RTT AP3,e4:5e:1b:a0:5e:85,-57,2939,269,7,8,87.5
1770208637928,8-11,116,MCSLab RTT AP1,24:29:34:e2:4c:36,-63,2470,667,7,8,87.5,MCSLab RTT AP2,24:29:34:e1:ef:d4,-69,4775,437,7,8,87.5,MCSLab RTT AP3,b0:e4:d5:88:16:86,-63,5148,1194,7,8,87.5,MCSLab RTT AP3,e4:5e:1b:a0:5e:85,-57,2900,254,7,8,87.5
1770208638143,8-11,124,MCSLab RTT AP1,24:29:34:e2:4c:36,-63,2236,813,7,8,87.5,MCSLab RTT AP2,24:29:34:e1:ef:d4,-69,4814,399,7,8,87.5,MCSLab RTT AP3,b0:e4:d5:88:16:86,-58,5116,1299,7,8,87.5,MCSLab RTT AP3,e4:5e:1b:a0:5e:85,-57,2900,250,7,8,87.5
1770208638326,8-11,100,MCSLab RTT AP1,24:29:34:e2:4c:36,-63,2509,688,7,8,87.5,MCSLab RTT AP2,24:29:34:e1:ef:d4,-69,4697,455,7,8,87.5,MCSLab RTT AP3,b0:e4:d5:88:16:86,-61,5235,1133,7,8,87.5,MCSLab RTT AP3,e4:5e:1b:a0:5e:85,-57,2939,280,7,8,87.5
1770208638565,8-11,132,MCSLab RTT AP1,24:29:34:e2:4c:36,-63,2470,680,7,8,87.5,MCSLab RTT AP2,24:29:34:e1:ef:d4,-69,4736,432,7,8,87.5,MCSLab RTT AP3,b0:e4:d5:88:16:86,-58,5086,1056,7,8,87.5,MCSLab RTT AP3,e4:5e:1b:a0:5e:85,-57,2900,269,7,8,87.5
1770208638737,8-11,98,MCSLab RTT AP1,24:29:34:e2:4c:36,-63,2392,759,7,8,87.5,MCSLab RTT AP2,24:29:34:e1:ef:d4,-69,4931,337,7,8,87.5,MCSLab RTT AP3,b0:e4:d5:88:16:86,-61,5116,1405,7,8,87.5,MCSLab RTT AP3,e4:5e:1b:a0:5e:85,-57,2764,378,7,8,87.5
1770208638971,8-11,124,MCSLab RTT AP1,24:29:34:e2:4c:36,-63,2353,885,7,8,87.5,MCSLab RTT AP2,24:29:34:e1:ef:d4,-69,4814,409,7,8,87.5,MCSLab RTT AP3,b0:e4:d5:88:16:86,-63,5145,1134,7,8,87.5,MCSLab RTT AP3,e4:5e:1b:a0:5e:85,-57,2939,234,7,8,87.5
1770208639195,8-11,142,MCSLab RTT AP1,24:29:34:e2:4c:36,-63,2470,686,7,8,87.5,MCSLab RTT AP2,24:29:34:e1:ef:d4,-69,4658,472,7,8,87.5,MCSLab RTT AP3,b0:e4:d5:88:16:86,-63,5116,1228,7,8,87.5,MCSLab RTT AP3,e4:5e:1b:a0:5e:85,-55,2900,265,7,8,87.5
1770208639387,8-11,128,MCSLab RTT AP1,24:29:34:e2:4c:36,-63,2431,743,7,8,87.5,MCSLab RTT AP2,24:29:34:e1:ef:d4,-69,4892,360,7,8,87.5,MCSLab RTT AP3,b0:e4:d5:88:16:86,-63,5057,1178,7,8,87.5,MCSLab RTT AP3,e4:5e:1b:a0:5e:85,-57,2900,265,7,8,87.5
1770208639593,8-11,127,MCSLab RTT AP1,24:29:34:e2:4c:36,-63,2548,613,7,8,87.5,MCSLab RTT AP2,24:29:34:e1:ef:d4,-69,4658,441,7,8,87.5,MCSLab RTT AP3,b0:e4:d5:88:16:86,-63,5145,1175,7,8,87.5,MCSLab RTT AP3,e4:5e:1b:a0:5e:85,-55,2979,266,7,8,87.5
1770208639822,8-11,149,MCSLab RTT AP1,24:29:34:e2:4c:36,-63,2509,711,7,8,87.5,MCSLab RTT AP2,24:29:34:e1:ef:d4,-69,4775,427,7,8,87.5,MCSLab RTT AP3,b0:e4:d5:88:16:86,-63,5145,1174,7,8,87.5,MCSLab RTT AP3,e4:5e:1b:a0:5e:85,-57,2900,292,7,8,87.5
1770208640002,8-11,117,MCSLab RTT AP1,24:29:34:e2:4c:36,-63,2490,691,7,8,87.5,MCSLab RTT AP2,24:29:34:e1:ef:d4,-69,4736,405,7,8,87.5,MCSLab RTT AP3,b0:e4:d5:88:16:86,-63,4998,1321,7,8,87.5,MCSLab RTT AP3,e4:5e:1b:a0:5e:85,-57,2861,293,7,8,87.5
1770208640203,8-11,111,MCSLab RTT AP1,24:29:34:e2:4c:36,-63,2392,736,7,8,87.5,MCSLab RTT AP2,24:29:34:e1:ef:d4,-69,4736,415,7,8,87.5,MCSLab RTT AP3,b0:e4:d5:88:16:86,-63,5116,1194,7,8,87.5,MCSLab RTT AP3,e4:5e:1b:a0:5e:85,-57,2822,354,7,8,87.5
1770208640425,8-11,126,MCSLab RTT AP1,24:29:34:e2:4c:36,-63,2509,619,7,8,87.5,MCSLab RTT AP2,24:29:34:e1:ef:d4,-69,4775,380,7,8,87.5,MCSLab RTT AP3,b0:e4:d5:88:16:86,-63,5028,1286,7,8,87.5,MCSLab RTT AP3,e4:5e:1b:a0:5e:85,-57,2793,340,7,8,87.5
1770208640618,8-11,112,MCSLab RTT AP1,24:29:34:e2:4c:36,-63,2587,602,7,8,87.5,MCSLab RTT AP2,24:29:34:e1:ef:d4,-69,4775,408,7,8,87.5,MCSLab RTT AP3,b0:e4:d5:88:16:86,-63,5174,1081,7,8,87.5,MCSLab RTT AP3,e4:5e:1b:a0:5e:85,-55,2744,493,7,8,87.5
1770208640815,8-11,102,MCSLab RTT AP1,24:29:34:e2:4c:36,-63,2392,705,7,8,87.5,MCSLab RTT AP2,24:29:34:e1:ef:d4,-69,4775,437,7,8,87.5,MCSLab RTT AP3,b0:e4:d5:88:16:86,-63,5086,1258,7,8,87.5,MCSLab RTT AP3,e4:5e:1b:a0:5e:85,-57,2900,310,7,8,87.5
1770208641045,8-11,125,MCSLab RTT AP1,24:29:34:e2:4c:36,-63,2431,641,7,8,87.5,MCSLab RTT AP2,24:29:34:e1:ef:d4,-69,4775,408,7,8,87.5,MCSLab RTT AP3,b0:e4:d5:88:16:86,-61,5177,1117,7,8,87.5,MCSLab RTT AP3,e4:5e:1b:a0:5e:85,-57,2979,222,7,8,87.5
1770208641251,8-11,124,MCSLab RTT AP1,24:29:34:e2:4c:36,-63,2587,648,7,8,87.5,MCSLab RTT AP2,24:29:34:e1:ef:d4,-69,4658,451,7,8,87.5,MCSLab RTT AP3,b0:e4:d5:88:16:86,-63,5086,1146,7,8,87.5,MCSLab RTT AP3,e4:5e:1b:a0:5e:85,-57,2939,317,7,8,87.5
1770208641459,8-11,125,MCSLab RTT AP1,24:29:34:e2:4c:36,-63,2587,686,7,8,87.5,MCSLab RTT AP2,24:29:34:e1:ef:d4,-69,4814,376,7,8,87.5,MCSLab RTT AP3,b0:e4:d5:88:16:86,-63,5174,1104,7,8,87.5,MCSLab RTT AP3,e4:5e:1b:a0:5e:85,-57,2979,242,7,8,87.5
1770208641665,8-11,124,MCSLab RTT AP1,24:29:34:e2:4c:36,-63,2392,760,7,8,87.5,MCSLab RTT AP2,24:29:34:e1:ef:d4,-69,4736,400,7,8,87.5,MCSLab RTT AP3,b0:e4:d5:88:16:86,-63,5086,1221,7,8,87.5,MCSLab RTT AP3,e4:5e:1b:a0:5e:85,-57,2861,272,7,8,87.5
1770208641852,8-11,103,MCSLab RTT AP1,24:29:34:e2:4c:36,-63,2431,729,7,8,87.5,MCSLab RTT AP2,24:29:34:e1:ef:d4,-69,4853,1441,7,8,87.5,MCSLab RTT AP3,b0:e4:d5:88:16:86,-63,5086,1204,7,8,87.5,MCSLab RTT AP3,e4:5e:1b:a0:5e:85,-57,2861,270,7,8,87.5
1770208642057,8-11,101,MCSLab RTT AP1,24:29:34:e2:4c:36,-63,2431,714,7,8,87.5,MCSLab RTT AP2,24:29:34:e1:ef:d4,-69,4814,404,7,8,87.5,MCSLab RTT AP3,b0:e4:d5:88:16:86,-63,5174,1119,7,8,87.5,MCSLab RTT AP3,e4:5e:1b:a0:5e:85,-57,2861,294,7,8,87.5
1770208642289,8-11,125,MCSLab RTT AP1,24:29:34:e2:4c:36,-63,2470,751,7,8,87.5,MCSLab RTT AP2,24:29:34:e1:ef:d4,-69,4814,373,7,8,87.5,MCSLab RTT AP3,b0:e4:d5:88:16:86,-63,5086,1260,7,8,87.5,MCSLab RTT AP3,e4:5e:1b:a0:5e:85,-57,2900,291,7,8,87.5
1770208642494,8-11,123,MCSLab RTT AP1,24:29:34:e2:4c:36,-63,2353,886,7,8,87.5,MCSLab RTT AP2,24:29:34:e1:ef:d4,-69,4814,377,7,8,87.5,MCSLab RTT AP3,b0:e4:d5:88:16:86,-63,5174,1017,7,8,87.5,MCSLab RTT AP3,e4:5e:1b:a0:5e:85,-57,2861,280,7,8,87.5
1770208642690,8-11,112,MCSLab RTT AP1,24:29:34:e2:4c:36,-63,2470,771,7,8,87.5,MCSLab RTT AP2,24:29:34:e1:ef:d4,-69,4931,304,7,8,87.5,MCSLab RTT AP3,b0:e4:d5:88:16:86,-63,5203,1127,7,8,87.5,MCSLab RTT AP3,e4:5e:1b:a0:5e:85,-57,2822,306,7,8,87.5
1770208642911,8-11,126,MCSLab RTT AP1,24:29:34:e2:4c:36,-63,2470,693,7,8,87.5,MCSLab RTT AP2,24:29:34:e1:ef:d4,-69,4697,404,7,8,87.5,MCSLab RTT AP3,b0:e4:d5:88:16:86,-63,5057,1242,7,8,87.5,MCSLab RTT AP3,e4:5e:1b:a0:5e:85,-57,2529,1280,7,8,87.5
1770208643120,8-11,128,MCSLab RTT AP1,24:29:34:e2:4c:36,-63,2431,728,7,8,87.5,MCSLab RTT AP2,24:29:34:e1:ef:d4,-69,4853,368,7,8,87.5,MCSLab RTT AP3,b0:e4:d5:88:16:86,-63,5116,1147,7,8,87.5,MCSLab RTT AP3,e4:5e:1b:a0:5e:85,-57,3018,265,7,8,87.5
1770208643303,8-11,103,MCSLab RTT AP1,24:29:34:e2:4c:36,-63,2353,724,7,8,87.5,MCSLab RTT AP2,24:29:34:e1:ef:d4,-69,4736,415,7,8,87.5,MCSLab RTT AP3,b0:e4:d5:88:16:86,-63,5057,1259,7,8,87.5,MCSLab RTT AP3,e4:5e:1b:a0:5e:85,-57,2979,305,7,8,87.5
1770208643565,8-11,151,MCSLab RTT AP1,24:29:34:e2:4c:36,-63,2627,590,7,8,87.5,MCSLab RTT AP2,24:29:34:e1:ef:d4,-69,4775,354,7,8,87.5,MCSLab RTT AP3,b0:e4:d5:88:16:86,-63,5262,1055,7,8,87.5,MCSLab RTT AP3,e4:5e:1b:a0:5e:85,-57,2900,278,7,8,87.5
1770208643749,8-11,128,MCSLab RTT AP1,24:29:34:e2:4c:36,-63,2470,664,7,8,87.5,MCSLab RTT AP2,24:29:34:e1:ef:d4,-69,4853,361,7,8,87.5,MCSLab RTT AP3,b0:e4:d5:88:16:86,-63,5174,1161,7,8,87.5,MCSLab RTT AP3,e4:5e:1b:a0:5e:85,-57,2939,242,7,8,87.5
1770208643967,8-11,139,MCSLab RTT AP1,24:29:34:e2:4c:36,-63,2548,602,7,8,87.5,MCSLab RTT AP2,24:29:34:e1:ef:d4,-69,4814,354,7,8,87.5,MCSLab RTT AP3,b0:e4:d5:88:16:86,-58,5270,1111,7,8,87.5,MCSLab RTT AP3,e4:5e:1b:a0:5e:85,-57,2861,324,7,8,87.5
1770208644167,8-11,132,MCSLab RTT AP1,24:29:34:e2:4c:36,-63,2509,722,7,8,87.5,MCSLab RTT AP2,24:29:34:e1:ef:d4,-69,4736,396,7,8,87.5,MCSLab RTT AP3,b0:e4:d5:88:16:86,-58,5270,1202,7,8,87.5,MCSLab RTT AP3,e4:5e:1b:a0:5e:85,-57,2900,231,7,8,87.5
1770208644367,8-11,125,MCSLab RTT AP1,24:29:34:e2:4c:36,-63,2431,722,7,8,87.5,MCSLab RTT AP2,24:29:34:e1:ef:d4,-69,4697,394,7,8,87.5,MCSLab RTT AP3,b0:e4:d5:88:16:86,-63,5086,1181,7,8,87.5,MCSLab RTT AP3,e4:5e:1b:a0:5e:85,-57,2822,328,7,8,87.5
1770208644549,8-11,101,MCSLab RTT AP1,24:29:34:e2:4c:36,-63,2431,714,7,8,87.5,MCSLab RTT AP2,24:29:34:e1:ef:d4,-69,4892,304,7,8,87.5,MCSLab RTT AP3,b0:e4:d5:88:16:86,-63,5174,1141,7,8,87.5,MCSLab RTT AP3,e4:5e:1b:a0:5e:85,-57,2900,312,7,8,87.5
1770208644798,8-11,142,MCSLab RTT AP1,24:29:34:e2:4c:36,-63,2470,639,7,8,87.5,MCSLab RTT AP2,24:29:34:e1:ef:d4,-69,4853,328,7,8,87.5,MCSLab RTT AP3,b0:e4:d5:88:16:86,-63,5086,1143,7,8,87.5,MCSLab RTT AP3,e4:5e:1b:a0:5e:85,-57,2861,290,7,8,87.5
1770208645004,8-11,134,MCSLab RTT AP1,24:29:34:e2:4c:36,-63,2587,622,7,8,87.5,MCSLab RTT AP2,24:29:34:e1:ef:d4,-69,4658,369,7,8,87.5,MCSLab RTT AP3,b0:e4:d5:88:16:86,-60,5294,1076,7,8,87.5,MCSLab RTT AP3,e4:5e:1b:a0:5e:85,-57,2939,216,7,8,87.5
1770208645199,8-11,122,MCSLab RTT AP1,24:29:34:e2:4c:36,-63,2470,823,7,8,87.5,MCSLab RTT AP2,24:29:34:e1:ef:d4,-69,4736,401,7,8,87.5,MCSLab RTT AP3,b0:e4:d5:88:16:86,-63,5086,1204,7,8,87.5,MCSLab RTT AP3,e4:5e:1b:a0:5e:85,-57,2705,363,7,8,87.5
1770208645419,8-11,135,MCSLab RTT AP1,24:29:34:e2:4c:36,-63,2509,705,7,8,87.5,MCSLab RTT AP2,24:29:34:e1:ef:d4,-69,4658,480,7,8,87.5,MCSLab RTT AP3,b0:e4:d5:88:16:86,-63,5174,1181,7,8,87.5,MCSLab RTT AP3,e4:5e:1b:a0:5e:85,-57,2940,404,7,8,87.5
1770208645616,8-11,126,MCSLab RTT AP1,24:29:34:e2:4c:36,-63,2509,694,7,8,87.5,MCSLab RTT AP2,24:29:34:e1:ef:d4,-70,4814,373,7,8,87.5,MCSLab RTT AP3,b0:e4:d5:88:16:86,-63,5235,1092,7,8,87.5,MCSLab RTT AP3,e4:5e:1b:a0:5e:85,-57,2939,216,7,8,87.5
1770208645825,8-11,129,MCSLab RTT AP1,24:29:34:e2:4c:36,-63,2431,751,7,8,87.5,MCSLab RTT AP2,24:29:34:e1:ef:d4,-70,4814,349,7,8,87.5,MCSLab RTT AP3,b0:e4:d5:88:16:86,-63,5057,1313,7,8,87.5,MCSLab RTT AP3,e4:5e:1b:a0:5e:85,-57,2119,1255,7,8,87.5
1770208646028,8-11,125,MCSLab RTT AP1,24:29:34:e2:4c:36,-63,2314,746,7,8,87.5,MCSLab RTT AP2,24:29:34:e1:ef:d4,-69,4814,405,7,8,87.5,MCSLab RTT AP3,b0:e4:d5:88:16:86,-63,5116,1167,7,8,87.5,MCSLab RTT AP3,e4:5e:1b:a0:5e:85,-57,2939,265,7,8,87.5
1770208646270,8-11,160,MCSLab RTT AP1,24:29:34:e2:4c:36,-63,2314,784,7,8,87.5,MCSLab RTT AP2,24:29:34:e1:ef:d4,-69,4814,379,7,8,87.5,MCSLab RTT AP3,b0:e4:d5:88:16:86,-63,5086,1204,7,8,87.5,MCSLab RTT AP3,e4:5e:1b:a0:5e:85,-57,2939,222,7,8,87.5
1770208646476,8-11,151,MCSLab RTT AP1,24:29:34:e2:4c:36,-63,2392,742,7,8,87.5,MCSLab RTT AP2,24:29:34:e1:ef:d4,-69,4814,376,7,8,87.5,MCSLab RTT AP3,b0:e4:d5:88:16:86,-63,5116,1169,7,8,87.5,MCSLab RTT AP3,e4:5e:1b:a0:5e:85,-57,2529,1306,7,8,87.5
1770208646699,8-11,167,MCSLab RTT AP1,24:29:34:e2:4c:36,-63,2490,647,4,8,50.0,MCSLab RTT AP2,24:29:34:e1:ef:d4,-69,4834,283,5,8,62.5,MCSLab RTT AP3,b0:e4:d5:88:16:86,-63,5116,1147,7,8,87.5,MCSLab RTT AP3,e4:5e:1b:a0:5e:85,-57,2822,328,7,8,87.5
1770208646878,8-11,139,MCSLab RTT AP1,24:29:34:e2:4c:36,-63,2548,674,7,8,87.5,MCSLab RTT AP2,24:29:34:e1:ef:d4,-63,4814,645,7,8,87.5,MCSLab RTT AP3,b0:e4:d5:88:16:86,-63,5057,1241,7,8,87.5,MCSLab RTT AP3,e4:5e:1b:a0:5e:85,-57,830,1804,7,8,87.5
1770208647076,8-11,116,MCSLab RTT AP1,24:29:34:e2:4c:36,-63,2470,680,7,8,87.5,MCSLab RTT AP2,24:29:34:e1:ef:d4,-69,4814,374,7,8,87.5,MCSLab RTT AP3,b0:e4:d5:88:16:86,-63,5145,1155,7,8,87.5,MCSLab RTT AP3,e4:5e:1b:a0:5e:85,-57,2900,331,7,8,87.5
1770208647290,8-11,112,MCSLab RTT AP1,24:29:34:e2:4c:36,-63,2548,630,7,8,87.5,MCSLab RTT AP2,24:29:34:e1:ef:d4,-69,4853,343,7,8,87.5,MCSLab RTT AP3,b0:e4:d5:88:16:86,-63,5145,1214,7,8,87.5,MCSLab RTT AP3,e4:5e:1b:a0:5e:85,-57,2900,285,7,8,87.5
1770208647519,8-11,135,MCSLab RTT AP1,24:29:34:e2:4c:36,-63,2470,653,7,8,87.5,MCSLab RTT AP2,24:29:34:e1:ef:d4,-69,4658,432,7,8,87.5,MCSLab RTT AP3,b0:e4:d5:88:16:86,-63,5145,1176,7,8,87.5,MCSLab RTT AP3,e4:5e:1b:a0:5e:85,-55,2900,363,7,8,87.5
1770208647696,8-11,104,MCSLab RTT AP1,24:29:34:e2:4c:36,-63,2548,641,7,8,87.5,MCSLab RTT AP2,24:29:34:e1:ef:d4,-69,4814,370,7,8,87.5,MCSLab RTT AP3,b0:e4:d5:88:16:86,-63,5174,1120,7,8,87.5,MCSLab RTT AP3,e4:5e:1b:a0:5e:85,-57,2939,248,7,8,87.5
1770208647899,8-11,101,MCSLab RTT AP1,24:29:34:e2:4c:36,-63,2431,668,7,8,87.5,MCSLab RTT AP2,24:29:34:e1:ef:d4,-69,4697,430,7,8,87.5,MCSLab RTT AP3,b0:e4:d5:88:16:86,-63,5086,1194,7,8,87.5,MCSLab RTT AP3,e4:5e:1b:a0:5e:85,-57,2861,265,7,8,87.5
1770208648129,8-11,124,MCSLab RTT AP1,24:29:34:e2:4c:36,-63,2587,656,7,8,87.5,MCSLab RTT AP2,24:29:34:e1:ef:d4,-69,4814,359,7,8,87.5,MCSLab RTT AP3,b0:e4:d5:88:16:86,-63,5145,1133,7,8,87.5,MCSLab RTT AP3,e4:5e:1b:a0:5e:85,-57,2861,276,7,8,87.5
1770208648320,8-11,108,MCSLab RTT AP1,24:29:34:e2:4c:36,-63,2626,676,7,8,87.5,MCSLab RTT AP2,24:29:34:e1:ef:d4,-69,4814,382,7,8,87.5,MCSLab RTT AP3,b0:e4:d5:88:16:86,-63,5057,1313,7,8,87.5,MCSLab RTT AP3,e4:5e:1b:a0:5e:85,-57,2900,254,7,8,87.5
1770208648543,8-11,124,MCSLab RTT AP1,24:29:34:e2:4c:36,-63,2392,850,7,8,87.5,MCSLab RTT AP2,24:29:34:e1:ef:d4,-69,4658,390,7,8,87.5,MCSLab RTT AP3,b0:e4:d5:88:16:86,-63,5174,1106,7,8,87.5,MCSLab RTT AP3,e4:5e:1b:a0:5e:85,-57,2861,263,7,8,87.5
1770208648753,8-11,127,MCSLab RTT AP1,24:29:34:e2:4c:36,-63,2392,818,7,8,87.5,MCSLab RTT AP2,24:29:34:e1:ef:d4,-70,4853,354,7,8,87.5,MCSLab RTT AP3,b0:e4:d5:88:16:86,-63,5057,1277,7,8,87.5,MCSLab RTT AP3,e4:5e:1b:a0:5e:85,-57,2978,233,7,8,87.5
1770208648934,8-11,101,MCSLab RTT AP1,24:29:34:e2:4c:36,-63,2392,752,7,8,87.5,MCSLab RTT AP2,24:29:34:e1:ef:d4,-70,4892,347,7,8,87.5,MCSLab RTT AP3,b0:e4:d5:88:16:86,-63,5174,1102,7,8,87.5,MCSLab RTT AP3,e4:5e:1b:a0:5e:85,-57,2861,304,7,8,87.5
1770208649142,8-11,101,MCSLab RTT AP1,24:29:34:e2:4c:36,-63,2353,782,7,8,87.5,MCSLab RTT AP2,24:29:34:e1:ef:d4,-70,4892,328,7,8,87.5,MCSLab RTT AP3,b0:e4:d5:88:16:86,-63,5057,1278,7,8,87.5,MCSLab RTT AP3,e4:5e:1b:a0:5e:85,-57,2900,278,7,8,87.5
1770208649382,8-11,134,MCSLab RTT AP1,24:29:34:e2:4c:36,-63,2470,711,7,8,87.5,MCSLab RTT AP2,24:29:34:e1:ef:d4,-70,4658,431,7,8,87.5,MCSLab RTT AP3,b0:e4:d5:88:16:86,-63,5116,1247,7,8,87.5,MCSLab RTT AP3,e4:5e:1b:a0:5e:85,-57,2979,277,7,8,87.5
1770208649588,8-11,132,MCSLab RTT AP1,24:29:34:e2:4c:36,-63,2353,809,7,8,87.5,MCSLab RTT AP2,24:29:34:e1:ef:d4,-69,4775,375,7,8,87.5,MCSLab RTT AP3,b0:e4:d5:88:16:86,-63,5057,1255,7,8,87.5,MCSLab RTT AP3,e4:5e:1b:a0:5e:85,-57,2822,352,7,8,87.5
1770208649793,8-11,130,MCSLab RTT AP1,24:29:34:e2:4c:36,-63,2548,701,7,8,87.5,MCSLab RTT AP2,24:29:34:e1:ef:d4,-69,4814,362,7,8,87.5,MCSLab RTT AP3,b0:e4:d5:88:16:86,-63,5057,1295,7,8,87.5,MCSLab RTT AP3,e4:5e:1b:a0:5e:85,-57,2861,325,7,8,87.5
1770208649998,8-11,128,MCSLab RTT AP1,24:29:34:e2:4c:36,-63,2431,659,7,8,87.5,MCSLab RTT AP2,24:29:34:e1:ef:d4,-69,4814,386,7,8,87.5,MCSLab RTT AP3,b0:e4:d5:88:16:86,-63,5174,1100,7,8,87.5,MCSLab RTT AP3,e4:5e:1b:a0:5e:85,-57,2939,230,7,8,87.5
1770208650202,8-11,124,MCSLab RTT AP1,24:29:34:e2:4c:36,-63,2314,716,7,8,87.5,MCSLab RTT AP2,24:29:34:e1:ef:d4,-70,4931,306,7,8,87.5,MCSLab RTT AP3,b0:e4:d5:88:16:86,-61,5235,1200,7,8,87.5,MCSLab RTT AP3,e4:5e:1b:a0:5e:85,-57,2939,247,7,8,87.5
1770208650388,8-11,103,MCSLab RTT AP1,24:29:34:e2:4c:36,-63,2587,620,7,8,87.5,MCSLab RTT AP2,24:29:34:e1:ef:d4,-69,4853,318,7,8,87.5,MCSLab RTT AP3,b0:e4:d5:88:16:86,-63,5145,1199,7,8,87.5,MCSLab RTT AP3,e4:5e:1b:a0:5e:85,-57,2900,428,7,8,87.5
1770208650667,8-11,150,MCSLab RTT AP1,24:29:34:e2:4c:36,-63,2314,777,7,8,87.5,MCSLab RTT AP2,24:29:34:e1:ef:d4,-69,4814,369,7,8,87.5,MCSLab RTT AP3,b0:e4:d5:88:16:86,-63,5086,1257,7,8,87.5,MCSLab RTT AP3,e4:5e:1b:a0:5e:85,-57,2851,306,7,8,87.5
1770208650869,8-11,132,MCSLab RTT AP1,24:29:34:e2:4c:36,-63,2314,764,7,8,87.5,MCSLab RTT AP2,24:29:34:e1:ef:d4,-69,4814,363,7,8,87.5,MCSLab RTT AP3,b0:e4:d5:88:16:86,-63,5203,1113,7,8,87.5,MCSLab RTT AP3,e4:5e:1b:a0:5e:85,-57,2861,269,7,8,87.5
1770208651044,8-11,99,MCSLab RTT AP1,24:29:34:e2:4c:36,-63,2392,661,7,8,87.5,MCSLab RTT AP2,24:29:34:e1:ef:d4,-69,4658,464,7,8,87.5,MCSLab RTT AP3,b0:e4:d5:88:16:86,-63,5116,1263,7,8,87.5,MCSLab RTT AP3,e4:5e:1b:a0:5e:85,-57,2861,359,7,8,87.5
1770208651283,8-11,131,MCSLab RTT AP1,24:29:34:e2:4c:36,-63,2548,644,7,8,87.5,MCSLab RTT AP2,24:29:34:e1:ef:d4,-69,4853,328,7,8,87.5,MCSLab RTT AP3,b0:e4:d5:88:16:86,-63,5086,1186,7,8,87.5,MCSLab RTT AP3,e4:5e:1b:a0:5e:85,-57,2900,196,7,8,87.5
1770208651493,8-11,133,MCSLab RTT AP1,24:29:34:e2:4c:36,-63,2431,685,7,8,87.5,MCSLab RTT AP2,24:29:34:e1:ef:d4,-70,4658,472,7,8,87.5,MCSLab RTT AP3,b0:e4:d5:88:16:86,-63,5028,1191,7,8,87.5,MCSLab RTT AP3,e4:5e:1b:a0:5e:85,-57,2939,506,7,8,87.5
1770208651678,8-11,110,MCSLab RTT AP1,24:29:34:e2:4c:36,-63,2509,768,7,8,87.5,MCSLab RTT AP2,24:29:34:e1:ef:d4,-69,4853,356,7,8,87.5,MCSLab RTT AP3,b0:e4:d5:88:16:86,-63,5057,1256,7,8,87.5,MCSLab RTT AP3,e4:5e:1b:a0:5e:85,-57,3018,216,7,8,87.5
1770208651910,8-11,135,MCSLab RTT AP1,24:29:34:e2:4c:36,-63,2392,809,7,8,87.5,MCSLab RTT AP2,24:29:34:e1:ef:d4,-70,4658,445,7,8,87.5,MCSLab RTT AP3,b0:e4:d5:88:16:86,-63,5086,1279,7,8,87.5,MCSLab RTT AP3,e4:5e:1b:a0:5e:85,-57,2939,468,7,8,87.5
1770208652110,8-11,129,MCSLab RTT AP1,24:29:34:e2:4c:36,-63,2509,674,7,8,87.5,MCSLab RTT AP2,24:29:34:e1:ef:d4,-69,4658,447,7,8,87.5,MCSLab RTT AP3,b0:e4:d5:88:16:86,-63,5057,1217,7,8,87.5,MCSLab RTT AP3,e4:5e:1b:a0:5e:85,-57,2783,391,7,8,87.5
1770208652289,8-11,101,MCSLab RTT AP1,24:29:34:e2:4c:36,-63,2548,671,7,8,87.5,MCSLab RTT AP2,24:29:34:e1:ef:d4,-69,4892,329,7,8,87.5,MCSLab RTT AP3,b0:e4:d5:88:16:86,-63,5174,1120,7,8,87.5,MCSLab RTT AP3,e4:5e:1b:a0:5e:85,-57,2822,303,7,8,87.5
1770208652541,8-11,146,MCSLab RTT AP1,24:29:34:e2:4c:36,-62,8437,50,7,8,87.5,MCSLab RTT AP2,24:29:34:e1:ef:d4,-69,4697,388,7,8,87.5,MCSLab RTT AP3,b0:e4:d5:88:16:86,-63,5116,1166,7,8,87.5,MCSLab RTT AP3,e4:5e:1b:a0:5e:85,-57,2900,242,7,8,87.5
