Timestamp,Label,Duration_ms,SSID_1,BSSID_1,RSSI_1,Dist_mm_1,Std_mm_1,Succ_1,Att_1,Rate_1,SSID_2,BSSID_2,RSSI_2,Dist_mm_2,Std_mm_2,Succ_2,Att_2,Rate_2,SSID_3,BSSID_3,RSSI_3,Dist_mm_3,Std_mm_3,Succ_3,Att_3,Rate_3,SSID_4,BSSID_4,RSSI_4,Dist_mm_4,Std_mm_4,Succ_4,Att_4,Rate_4
1767511466905,1-11,94,MCSLab RTT AP1,24:29:34:e2:4c:36,-55,-497,418,7,8,87.5,MCSLab RTT AP2,24:29:34:e1:ef:d4,-66,7392,552,7,8,87.5,MCSLab RTT AP3,b0:e4:d5:88:16:86,-63,5125,776,7,8,87.5,MCSLab RTT AP3,e4:5e:1b:a0:5e:85,-59,7119,453,7,8,87.5
1767511467153,1-11,133,MCSLab RTT AP1,24:29:34:e2:4c:36,-54,-497,462,7,8,87.5,MCSLab RTT AP2,24:29:34:e1:ef:d4,-66,7470,485,7,8,87.5,MCSLab RTT AP3,b0:e4:d5:88:16:86,-63,3563,1241,7,8,87.5,MCSLab RTT AP3,e4:5e:1b:a0:5e:85,-60,7158,429,7,8,87.5
1767511467368,1-11,140,MCSLab RTT AP1,24:29:34:e2:4c:36,-54,-419,367,7,8,87.5,MCSLab RTT AP2,24:29:34:e1:ef:d4,-66,7470,526,7,8,87.5,MCSLab RTT AP3,b0:e4:d5:88:16:86,-64,3211,1460,7,8,87.5,MCSLab RTT AP3,e4:5e:1b:a0:5e:85,-62,7158,507,7,8,87.5
1767511467602,1-11,149,MCSLab RTT AP1,24:29:34:e2:4c:36,-54,-497,472,7,8,87.5,MCSLab RTT AP2,24:29:34:e1:ef:d4,-66,7353,526,7,8,87.5,MCSLab RTT AP3,b0:e4:d5:88:16:86,-64,3485,1208,7,8,87.5,MCSLab RTT AP3,e4:5e:1b:a0:5e:85,-62,7119,531,7,8,87.5
1767511467765,1-11,104,MCSLab RTT AP1,24:29:34:e2:4c:36,-54,-536,492,7,8,87.5,MCSLab RTT AP2,24:29:34:e1:ef:d4,-67,7392,451,7,8,87.5,MCSLab RTT AP3,b0:e4:d5:88:16:86,-64,3563,1230,7,8,87.5,MCSLab RTT AP3,e4:5e:1b:a0:5e:85,-62,6963,632,7,8,87.5
1767511468005,1-11,136,MCSLab RTT AP1,24:29:34:e2:4c:36,-54,-536,434,7,8,87.5,MCSLab RTT AP2,24:29:34:e1:ef:d4,-67,7470,441,7,8,87.5,MCSLab RTT AP3,b0:e4:d5:88:16:86,-64,4305,877,7,8,87.5,MCSLab RTT AP3,e4:5e:1b:a0:5e:85,-61,6963,516,7,8,87.5
1767511468204,1-11,128,MCSLab RTT AP1,24:29:34:e2:4c:36,-52,-244,427,7,8,87.5,MCSLab RTT AP2,24:29:34:e1:ef:d4,-66,7314,562,7,8,87.5,MCSLab RTT AP3,b0:e4:d5:88:16:86,-63,5047,707,7,8,87.5,MCSLab RTT AP3,e4:5e:1b:a0:5e:85,-61,7041,525,7,8,87.5
1767511468425,1-11,141,MCSLab RTT AP1,24:29:34:e2:4c:36,-54,-536,440,7,8,87.5,MCSLab RTT AP2,24:29:34:e1:ef:d4,-66,7431,528,7,8,87.5,MCSLab RTT AP3,b0:e4:d5:88:16:86,-64,3680,1025,7,8,87.5,MCSLab RTT AP3,e4:5e:1b:a0:5e:85,-60,7119,582,7,8,87.5
1767511468619,1-11,127,MCSLab RTT AP1,24:29:34:e2:4c:36,-47,-498,1302,7,8,87.5,MCSLab RTT AP2,24:29:34:e1:ef:d4,-67,7470,408,7,8,87.5,MCSLab RTT AP3,b0:e4:d5:88:16:86,-64,4354,597,7,8,87.5,MCSLab RTT AP3,e4:5e:1b:a0:5e:85,-58,7080,496,7,8,87.5
1767511468832,1-11,133,MCSLab RTT AP1,24:29:34:e2:4c:36,-54,-537,423,7,8,87.5,MCSLab RTT AP2,24:29:34:e1:ef:d4,-67,7548,396,7,8,87.5,MCSLab RTT AP3,b0:e4:d5:88:16:86,-65,3172,1454,7,8,87.5,MCSLab RTT AP3,e4:5e:1b:a0:5e:85,-60,7197,466,7,8,87.5
1767511469013,1-11,106,MCSLab RTT AP1,24:29:34:e2:4c:36,-54,-302,383,7,8,87.5,MCSLab RTT AP2,24:29:34:e1:ef:d4,-67,7509,460,7,8,87.5,MCSLab RTT AP3,b0:e4:d5:88:16:86,-65,2860,1685,7,8,87.5,MCSLab RTT AP3,e4:5e:1b:a0:5e:85,-60,7041,505,7,8,87.5
1767511469253,1-11,137,MCSLab RTT AP1,24:29:34:e2:4c:36,-54,-458,433,7,8,87.5,MCSLab RTT AP2,24:29:34:e1:ef:d4,-67,7509,462,7,8,87.5,MCSLab RTT AP3,b0:e4:d5:88:16:86,-64,2743,1726,7,8,87.5,MCSLab RTT AP3,e4:5e:1b:a0:5e:85,-60,7158,506,7,8,87.5
1767511469455,1-11,130,MCSLab RTT AP1,24:29:34:e2:4c:36,-54,-497,480,7,8,87.5,MCSLab RTT AP2,24:29:34:e1:ef:d4,-66,7588,431,7,8,87.5,MCSLab RTT AP3,b0:e4:d5:88:16:86,-59,2664,1703,7,8,87.5,MCSLab RTT AP3,e4:5e:1b:a0:5e:85,-60,7158,500,7,8,87.5
1767511469663,1-11,130,MCSLab RTT AP1,24:29:34:e2:4c:36,-55,-458,437,7,8,87.5,MCSLab RTT AP2,24:29:34:e1:ef:d4,-67,7392,520,7,8,87.5,MCSLab RTT AP3,b0:e4:d5:88:16:86,-63,2704,1647,7,8,87.5,MCSLab RTT AP3,e4:5e:1b:a0:5e:85,-60,7119,461,7,8,87.5
1767511469873,1-11,132,MCSLab RTT AP1,24:29:34:e2:4c:36,-54,-419,419,7,8,87.5,MCSLab RTT AP2,24:29:34:e1:ef:d4,-67,7470,456,7,8,87.5,MCSLab RTT AP3,b0:e4:d5:88:16:86,-62,3289,1334,7,8,87.5,MCSLab RTT AP3,e4:5e:1b:a0:5e:85,-61,7119,513,7,8,87.5
1767511470080,1-11,131,MCSLab RTT AP1,24:29:34:e2:4c:36,-47,-932,777,7,8,87.5,MCSLab RTT AP2,24:29:34:e1:ef:d4,-67,7470,422,7,8,87.5,MCSLab RTT AP3,b0:e4:d5:88:16:86,-63,5047,681,7,8,87.5,MCSLab RTT AP3,e4:5e:1b:a0:5e:85,-60,7119,494,7,8,87.5
1767511470262,1-11,106,MCSLab RTT AP1,24:29:34:e2:4c:36,-54,-458,433,7,8,87.5,MCSLab RTT AP2,24:29:34:e1:ef:d4,-67,7392,489,7,8,87.5,MCSLab RTT AP3,b0:e4:d5:88:16:86,-57,3272,1395,7,8,87.5,MCSLab RTT AP3,e4:5e:1b:a0:5e:85,-60,7158,498,7,8,87.5
1767511470494,1-11,130,MCSLab RTT AP1,24:29:34:e2:4c:36,-54,-497,459,7,8,87.5,MCSLab RTT AP2,24:29:34:e1:ef:d4,-67,7509,451,7,8,87.5,MCSLab RTT AP3,b0:e4:d5:88:16:86,-63,3885,622,7,8,87.5,MCSLab RTT AP3,e4:5e:1b:a0:5e:85,-60,7236,458,7,8,87.5
1767511470700,1-11,128,MCSLab RTT AP1,24:29:34:e2:4c:36,-54,-380,399,7,8,87.5,MCSLab RTT AP2,24:29:34:e1:ef:d4,-67,7392,454,7,8,87.5,MCSLab RTT AP3,b0:e4:d5:88:16:86,-64,3524,262,7,8,87.5,MCSLab RTT AP3,e4:5e:1b:a0:5e:85,-60,7080,512,7,8,87.5
1767511470888,1-11,107,MCSLab RTT AP1,24:29:34:e2:4c:36,-54,-419,419,7,8,87.5,MCSLab RTT AP2,24:29:34:e1:ef:d4,-67,7431,415,7,8,87.5,MCSLab RTT AP3,b0:e4:d5:88:16:86,-63,4032,735,7,8,87.5,MCSLab RTT AP3,e4:5e:1b:a0:5e:85,-57,7119,381,7,8,87.5
1767511471114,1-11,116,MCSLab RTT AP1,24:29:34:e2:4c:36,-55,-458,446,7,8,87.5,MCSLab RTT AP2,24:29:34:e1:ef:d4,-67,7392,471,7,8,87.5,MCSLab RTT AP3,b0:e4:d5:88:16:86,-63,4442,591,7,8,87.5,MCSLab RTT AP3,e4:5e:1b:a0:5e:85,-60,7080,496,7,8,87.5
1767511471337,1-11,131,MCSLab RTT AP1,24:29:34:e2:4c:36,-54,-419,470,7,8,87.5,MCSLab RTT AP2,24:29:34:e1:ef:d4,-67,7392,482,7,8,87.5,MCSLab RTT AP3,b0:e4:d5:88:16:86,-63,4383,801,7,8,87.5,MCSLab RTT AP3,e4:5e:1b:a0:5e:85,-61,7119,506,7,8,87.5
1767511471543,1-11,129,MCSLab RTT AP1,24:29:34:e2:4c:36,-54,-497,523,7,8,87.5,MCSLab RTT AP2,24:29:34:e1:ef:d4,-67,7470,423,7,8,87.5,MCSLab RTT AP3,b0:e4:d5:88:16:86,-64,3446,1074,7,8,87.5,MCSLab RTT AP3,e4:5e:1b:a0:5e:85,-61,7314,424,7,8,87.5
1767511471752,1-11,130,MCSLab RTT AP1,24:29:34:e2:4c:36,-54,-497,444,7,8,87.5,MCSLab RTT AP2,24:29:34:e1:ef:d4,-67,7588,399,7,8,87.5,MCSLab RTT AP3,b0:e4:d5:88:16:86,-63,3133,1144,7,8,87.5,MCSLab RTT AP3,e4:5e:1b:a0:5e:85,-59,7275,354,7,8,87.5
1767511471956,1-11,126,MCSLab RTT AP1,24:29:34:e2:4c:36,-54,-615,459,7,8,87.5,MCSLab RTT AP2,24:29:34:e1:ef:d4,-67,7509,495,7,8,87.5,MCSLab RTT AP3,b0:e4:d5:88:16:86,-64,2664,1593,7,8,87.5,MCSLab RTT AP3,e4:5e:1b:a0:5e:85,-60,7236,424,7,8,87.5
1767511472166,1-11,128,MCSLab RTT AP1,24:29:34:e2:4c:36,-54,-537,456,7,8,87.5,MCSLab RTT AP2,24:29:34:e1:ef:d4,-66,7392,495,7,8,87.5,MCSLab RTT AP3,b0:e4:d5:88:16:86,-65,2625,1828,7,8,87.5,MCSLab RTT AP3,e4:5e:1b:a0:5e:85,-59,7093,555,7,8,87.5
1767511472377,1-11,132,MCSLab RTT AP1,24:29:34:e2:4c:36,-54,-576,502,7,8,87.5,MCSLab RTT AP2,24:29:34:e1:ef:d4,-67,7431,475,7,8,87.5,MCSLab RTT AP3,b0:e4:d5:88:16:86,-64,2782,1765,7,8,87.5,MCSLab RTT AP3,e4:5e:1b:a0:5e:85,-61,7197,516,7,8,87.5
1767511472581,1-11,129,MCSLab RTT AP1,24:29:34:e2:4c:36,-55,-536,512,7,8,87.5,MCSLab RTT AP2,24:29:34:e1:ef:d4,-67,7509,421,7,8,87.5,MCSLab RTT AP3,b0:e4:d5:88:16:86,-63,3016,1673,7,8,87.5,MCSLab RTT AP3,e4:5e:1b:a0:5e:85,-62,7158,499,7,8,87.5
1767511472762,1-11,103,MCSLab RTT AP1,24:29:34:e2:4c:36,-54,-458,442,7,8,87.5,MCSLab RTT AP2,24:29:34:e1:ef:d4,-67,7412,452,7,8,87.5,MCSLab RTT AP3,b0:e4:d5:88:16:86,-63,3446,1384,7,8,87.5,MCSLab RTT AP3,e4:5e:1b:a0:5e:85,-60,7158,523,7,8,87.5
1767511473007,1-11,141,MCSLab RTT AP1,24:29:34:e2:4c:36,-55,-537,447,7,8,87.5,MCSLab RTT AP2,24:29:34:e1:ef:d4,-66,7392,513,7,8,87.5,MCSLab RTT AP3,b0:e4:d5:88:16:86,-64,3289,1458,7,8,87.5,MCSLab RTT AP3,e4:5e:1b:a0:5e:85,-61,7158,518,7,8,87.5
1767511473202,1-11,128,MCSLab RTT AP1,24:29:34:e2:4c:36,-54,-576,525,7,8,87.5,MCSLab RTT AP2,24:29:34:e1:ef:d4,-67,7509,499,7,8,87.5,MCSLab RTT AP3,b0:e4:d5:88:16:86,-63,3367,1467,7,8,87.5,MCSLab RTT AP3,e4:5e:1b:a0:5e:85,-61,7236,435,7,8,87.5
1767511473411,1-11,128,MCSLab RTT AP1,24:29:34:e2:4c:36,-54,-497,445,7,8,87.5,MCSLab RTT AP2,24:29:34:e1:ef:d4,-66,7392,562,7,8,87.5,MCSLab RTT AP3,b0:e4:d5:88:16:86,-63,3407,1270,7,8,87.5,MCSLab RTT AP3,e4:5e:1b:a0:5e:85,-61,7158,488,7,8,87.5
1767511473597,1-11,106,MCSLab RTT AP1,24:29:34:e2:4c:36,-54,-537,431,7,8,87.5,MCSLab RTT AP2,24:29:34:e1:ef:d4,-66,7314,534,7,8,87.5,MCSLab RTT AP3,b0:e4:d5:88:16:86,-63,3289,1418,7,8,87.5,MCSLab RTT AP3,e4:5e:1b:a0:5e:85,-61,7158,489,7,8,87.5
1767511473840,1-11,141,MCSLab RTT AP1,24:29:34:e2:4c:36,-54,-279,362,7,8,87.5,MCSLab RTT AP2,24:29:34:e1:ef:d4,-66,7509,495,7,8,87.5,MCSLab RTT AP3,b0:e4:d5:88:16:86,-63,3367,1452,7,8,87.5,MCSLab RTT AP3,e4:5e:1b:a0:5e:85,-61,7236,477,7,8,87.5
1767511474035,1-11,128,MCSLab RTT AP1,24:29:34:e2:4c:36,-53,-458,432,7,8,87.5,MCSLab RTT AP2,24:29:34:e1:ef:d4,-66,7470,503,7,8,87.5,MCSLab RTT AP3,b0:e4:d5:88:16:86,-63,3758,1206,7,8,87.5,MCSLab RTT AP3,e4:5e:1b:a0:5e:85,-62,7275,377,7,8,87.5
1767511474247,1-11,132,MCSLab RTT AP1,24:29:34:e2:4c:36,-53,-440,499,7,8,87.5,MCSLab RTT AP2,24:29:34:e1:ef:d4,-67,7314,550,7,8,87.5,MCSLab RTT AP3,b0:e4:d5:88:16:86,-65,3250,1522,7,8,87.5,MCSLab RTT AP3,e4:5e:1b:a0:5e:85,-61,7197,520,7,8,87.5
1767511474423,1-11,101,MCSLab RTT AP1,24:29:34:e2:4c:36,-53,-458,410,7,8,87.5,MCSLab RTT AP2,24:29:34:e1:ef:d4,-66,7392,531,7,8,87.5,MCSLab RTT AP3,b0:e4:d5:88:16:86,-64,3250,1410,7,8,87.5,MCSLab RTT AP3,e4:5e:1b:a0:5e:85,-61,7353,430,7,8,87.5
1767511474661,1-11,116,MCSLab RTT AP1,24:29:34:e2:4c:36,-55,-380,433,7,8,87.5,MCSLab RTT AP2,24:29:34:e1:ef:d4,-66,7470,503,7,8,87.5,MCSLab RTT AP3,b0:e4:d5:88:16:86,-63,3211,1456,7,8,87.5,MCSLab RTT AP3,e4:5e:1b:a0:5e:85,-61,7314,373,7,8,87.5
1767511474880,1-11,128,MCSLab RTT AP1,24:29:34:e2:4c:36,-54,-497,468,7,8,87.5,MCSLab RTT AP2,24:29:34:e1:ef:d4,-66,7392,585,7,8,87.5,MCSLab RTT AP3,b0:e4:d5:88:16:86,-63,3328,1428,7,8,87.5,MCSLab RTT AP3,e4:5e:1b:a0:5e:85,-61,7236,416,7,8,87.5
1767511475095,1-11,134,MCSLab RTT AP1,24:29:34:e2:4c:36,-54,-615,506,7,8,87.5,MCSLab RTT AP2,24:29:34:e1:ef:d4,-65,7509,521,7,8,87.5,MCSLab RTT AP3,b0:e4:d5:88:16:86,-62,3367,1336,7,8,87.5,MCSLab RTT AP3,e4:5e:1b:a0:5e:85,-60,7432,277,7,8,87.5
1767511475288,1-11,118,MCSLab RTT AP1,24:29:34:e2:4c:36,-54,-556,502,7,8,87.5,MCSLab RTT AP2,24:29:34:e1:ef:d4,-65,7353,594,7,8,87.5,MCSLab RTT AP3,b0:e4:d5:88:16:86,-62,3328,1412,7,8,87.5,MCSLab RTT AP3,e4:5e:1b:a0:5e:85,-59,7171,477,7,8,87.5
1767511475494,1-11,115,MCSLab RTT AP1,24:29:34:e2:4c:36,-54,-419,432,7,8,87.5,MCSLab RTT AP2,24:29:34:e1:ef:d4,-66,7392,599,7,8,87.5,MCSLab RTT AP3,b0:e4:d5:88:16:86,-58,1308,2880,7,8,87.5,MCSLab RTT AP3,e4:5e:1b:a0:5e:85,-61,7158,440,7,8,87.5
1767511475721,1-11,133,MCSLab RTT AP1,24:29:34:e2:4c:36,-54,-654,532,7,8,87.5,MCSLab RTT AP2,24:29:34:e1:ef:d4,-66,7509,466,7,8,87.5,MCSLab RTT AP3,b0:e4:d5:88:16:86,-64,2899,1595,7,8,87.5,MCSLab RTT AP3,e4:5e:1b:a0:5e:85,-61,7275,403,7,8,87.5
1767511475924,1-11,129,MCSLab RTT AP1,24:29:34:e2:4c:36,-54,-615,538,7,8,87.5,MCSLab RTT AP2,24:29:34:e1:ef:d4,-67,7509,447,7,8,87.5,MCSLab RTT AP3,b0:e4:d5:88:16:86,-63,3016,1323,7,8,87.5,MCSLab RTT AP3,e4:5e:1b:a0:5e:85,-60,7314,387,7,8,87.5
1767511476110,1-11,106,MCSLab RTT AP1,24:29:34:e2:4c:36,-54,-536,499,7,8,87.5,MCSLab RTT AP2,24:29:34:e1:ef:d4,-66,7470,507,7,8,87.5,MCSLab RTT AP3,b0:e4:d5:88:16:86,-65,3016,1476,7,8,87.5,MCSLab RTT AP3,e4:5e:1b:a0:5e:85,-60,7275,349,7,8,87.5
1767511476344,1-11,131,MCSLab RTT AP1,24:29:34:e2:4c:36,-54,-341,418,7,8,87.5,MCSLab RTT AP2,24:29:34:e1:ef:d4,-67,7548,415,7,8,87.5,MCSLab RTT AP3,b0:e4:d5:88:16:86,-64,3133,1395,7,8,87.5,MCSLab RTT AP3,e4:5e:1b:a0:5e:85,-62,7197,398,7,8,87.5
1767511476552,1-11,130,MCSLab RTT AP1,24:29:34:e2:4c:36,-54,-536,496,7,8,87.5,MCSLab RTT AP2,24:29:34:e1:ef:d4,-66,7509,479,7,8,87.5,MCSLab RTT AP3,b0:e4:d5:88:16:86,-64,3250,1318,7,8,87.5,MCSLab RTT AP3,e4:5e:1b:a0:5e:85,-61,7275,369,7,8,87.5
1767511476760,1-11,129,MCSLab RTT AP1,24:29:34:e2:4c:36,-54,-536,496,7,8,87.5,MCSLab RTT AP2,24:29:34:e1:ef:d4,-66,7431,544,7,8,87.5,MCSLab RTT AP3,b0:e4:d5:88:16:86,-64,3524,1276,7,8,87.5,MCSLab RTT AP3,e4:5e:1b:a0:5e:85,-61,7393,352,7,8,87.5
1767511476968,1-11,129,MCSLab RTT AP1,24:29:34:e2:4c:36,-54,-497,441,7,8,87.5,MCSLab RTT AP2,24:29:34:e1:ef:d4,-61,7505,474,7,8,87.5,MCSLab RTT AP3,b0:e4:d5:88:16:86,-64,3328,1386,7,8,87.5,MCSLab RTT AP3,e4:5e:1b:a0:5e:85,-61,7353,340,7,8,87.5
1767511477179,1-11,131,MCSLab RTT AP1,24:29:34:e2:4c:36,-54,-419,440,7,8,87.5,MCSLab RTT AP2,24:29:34:e1:ef:d4,-67,7431,489,7,8,87.5,MCSLab RTT AP3,b0:e4:d5:88:16:86,-60,2938,1617,7,8,87.5,MCSLab RTT AP3,e4:5e:1b:a0:5e:85,-60,7471,242,7,8,87.5
1767511477361,1-11,105,MCSLab RTT AP1,24:29:34:e2:4c:36,-53,-419,414,7,8,87.5,MCSLab RTT AP2,24:29:34:e1:ef:d4,-67,7470,437,7,8,87.5,MCSLab RTT AP3,b0:e4:d5:88:16:86,-65,2938,1643,7,8,87.5,MCSLab RTT AP3,e4:5e:1b:a0:5e:85,-60,7432,334,7,8,87.5
1767511477594,1-11,129,MCSLab RTT AP1,24:29:34:e2:4c:36,,,,,,,MCSLab RTT AP2,24:29:34:e1:ef:d4,-66,7509,451,7,8,87.5,MCSLab RTT AP3,b0:e4:d5:88:16:86,-63,3016,1491,7,8,87.5,MCSLab RTT AP3,e4:5e:1b:a0:5e:85,-61,7197,455,7,8,87.5
1767511477778,1-11,105,MCSLab RTT AP1,24:29:34:e2:4c:36,-55,-497,463,7,8,87.5,MCSLab RTT AP2,24:29:34:e1:ef:d4,-66,7431,485,7,8,87.5,MCSLab RTT AP3,b0:e4:d5:88:16:86,-64,3407,1424,7,8,87.5,MCSLab RTT AP3,e4:5e:1b:a0:5e:85,-61,7197,524,7,8,87.5
1767511478031,1-11,149,MCSLab RTT AP1,24:29:34:e2:4c:36,-53,-458,446,7,8,87.5,MCSLab RTT AP2,24:29:34:e1:ef:d4,-66,7959,343,7,8,87.5,MCSLab RTT AP3,b0:e4:d5:88:16:86,-64,2782,1736,7,8,87.5,MCSLab RTT AP3,e4:5e:1b:a0:5e:85,-62,7158,601,7,8,87.5
1767511478217,1-11,128,MCSLab RTT AP1,24:29:34:e2:4c:36,-54,-302,312,7,8,87.5,MCSLab RTT AP2,24:29:34:e1:ef:d4,-66,7431,415,7,8,87.5,MCSLab RTT AP3,b0:e4:d5:88:16:86,-64,3133,1451,7,8,87.5,MCSLab RTT AP3,e4:5e:1b:a0:5e:85,-61,7158,529,7,8,87.5
1767511478412,1-11,114,MCSLab RTT AP1,24:29:34:e2:4c:36,-54,-576,489,7,8,87.5,MCSLab RTT AP2,24:29:34:e1:ef:d4,-66,7392,538,7,8,87.5,MCSLab RTT AP3,b0:e4:d5:88:16:86,-64,2821,1631,7,8,87.5,MCSLab RTT AP3,e4:5e:1b:a0:5e:85,-62,7158,543,7,8,87.5
1767511478631,1-11,124,MCSLab RTT AP1,24:29:34:e2:4c:36,-54,-380,380,7,8,87.5,MCSLab RTT AP2,24:29:34:e1:ef:d4,-66,7548,431,7,8,87.5,MCSLab RTT AP3,b0:e4:d5:88:16:86,-64,3719,1234,7,8,87.5,MCSLab RTT AP3,e4:5e:1b:a0:5e:85,-61,7275,516,7,8,87.5
1767511478847,1-11,131,MCSLab RTT AP1,24:29:34:e2:4c:36,-54,-576,474,7,8,87.5,MCSLab RTT AP2,24:29:34:e1:ef:d4,-67,7392,570,7,8,87.5,MCSLab RTT AP3,b0:e4:d5:88:16:86,-63,5203,696,7,8,87.5,MCSLab RTT AP3,e4:5e:1b:a0:5e:85,-62,7080,572,7,8,87.5
1767511479057,1-11,132,MCSLab RTT AP1,24:29:34:e2:4c:36,-53,-458,1711,7,8,87.5,MCSLab RTT AP2,24:29:34:e1:ef:d4,-66,7431,504,7,8,87.5,MCSLab RTT AP3,b0:e4:d5:88:16:86,-60,3358,1405,7,8,87.5,MCSLab RTT AP3,e4:5e:1b:a0:5e:85,-61,7158,609,7,8,87.5
1767511479263,1-11,130,MCSLab RTT AP1,24:29:34:e2:4c:36,-53,-308,418,7,8,87.5,MCSLab RTT AP2,24:29:34:e1:ef:d4,-66,7509,466,7,8,87.5,MCSLab RTT AP3,b0:e4:d5:88:16:86,-64,3563,1215,7,8,87.5,MCSLab RTT AP3,e4:5e:1b:a0:5e:85,-61,7236,504,7,8,87.5
1767511479475,1-11,134,MCSLab RTT AP1,24:29:34:e2:4c:36,-53,-576,530,7,8,87.5,MCSLab RTT AP2,24:29:34:e1:ef:d4,-66,7509,442,7,8,87.5,MCSLab RTT AP3,b0:e4:d5:88:16:86,-65,2899,1628,7,8,87.5,MCSLab RTT AP3,e4:5e:1b:a0:5e:85,-62,7080,560,7,8,87.5
1767511479693,1-11,142,MCSLab RTT AP1,24:29:34:e2:4c:36,-54,-458,437,7,8,87.5,MCSLab RTT AP2,24:29:34:e1:ef:d4,-66,7470,447,7,8,87.5,MCSLab RTT AP3,b0:e4:d5:88:16:86,-65,2782,1648,7,8,87.5,MCSLab RTT AP3,e4:5e:1b:a0:5e:85,-62,7275,424,7,8,87.5
1767511479889,1-11,130,MCSLab RTT AP1,24:29:34:e2:4c:36,-54,-458,409,7,8,87.5,MCSLab RTT AP2,24:29:34:e1:ef:d4,-67,7509,407,7,8,87.5,MCSLab RTT AP3,b0:e4:d5:88:16:86,-63,3211,1496,7,8,87.5,MCSLab RTT AP3,e4:5e:1b:a0:5e:85,-62,7119,529,7,8,87.5
1767511480100,1-11,132,MCSLab RTT AP1,24:29:34:e2:4c:36,-54,-380,403,7,8,87.5,MCSLab RTT AP2,24:29:34:e1:ef:d4,-67,7588,459,7,8,87.5,MCSLab RTT AP3,b0:e4:d5:88:16:86,-63,2938,1488,7,8,87.5,MCSLab RTT AP3,e4:5e:1b:a0:5e:85,-62,7236,420,7,8,87.5
1767511480311,1-11,136,MCSLab RTT AP1,24:29:34:e2:4c:36,-54,-497,420,7,8,87.5,MCSLab RTT AP2,24:29:34:e1:ef:d4,-67,7431,445,7,8,87.5,MCSLab RTT AP3,b0:e4:d5:88:16:86,-62,3016,1539,7,8,87.5,MCSLab RTT AP3,e4:5e:1b:a0:5e:85,-61,7275,367,7,8,87.5
1767511480490,1-11,106,MCSLab RTT AP1,24:29:34:e2:4c:36,-53,-497,431,7,8,87.5,MCSLab RTT AP2,24:29:34:e1:ef:d4,-67,7392,511,7,8,87.5,MCSLab RTT AP3,b0:e4:d5:88:16:86,-62,2860,1460,7,8,87.5,MCSLab RTT AP3,e4:5e:1b:a0:5e:85,-61,7314,388,7,8,87.5
1767511480740,1-11,148,MCSLab RTT AP1,24:29:34:e2:4c:36,-54,-458,409,7,8,87.5,MCSLab RTT AP2,24:29:34:e1:ef:d4,-66,7431,497,7,8,87.5,MCSLab RTT AP3,b0:e4:d5:88:16:86,-63,2977,1204,7,8,87.5,MCSLab RTT AP3,e4:5e:1b:a0:5e:85,-61,7353,330,7,8,87.5
1767511480938,1-11,132,MCSLab RTT AP1,24:29:34:e2:4c:36,-53,-419,438,7,8,87.5,MCSLab RTT AP2,24:29:34:e1:ef:d4,-67,7470,642,7,8,87.5,MCSLab RTT AP3,b0:e4:d5:88:16:86,-65,2625,1684,7,8,87.5,MCSLab RTT AP3,e4:5e:1b:a0:5e:85,-59,7393,293,7,8,87.5
1767511481122,1-11,107,MCSLab RTT AP1,24:29:34:e2:4c:36,-54,-419,365,7,8,87.5,MCSLab RTT AP2,24:29:34:e1:ef:d4,-67,7431,477,7,8,87.5,MCSLab RTT AP3,b0:e4:d5:88:16:86,-59,3847,1524,7,8,87.5,MCSLab RTT AP3,e4:5e:1b:a0:5e:85,-61,7353,372,7,8,87.5
1767511481353,1-11,130,MCSLab RTT AP1,24:29:34:e2:4c:36,-54,-419,378,7,8,87.5,MCSLab RTT AP2,24:29:34:e1:ef:d4,-67,7470,354,7,8,87.5,MCSLab RTT AP3,b0:e4:d5:88:16:86,-63,3485,1378,7,8,87.5,MCSLab RTT AP3,e4:5e:1b:a0:5e:85,-61,7197,581,7,8,87.5
1767511481575,1-11,144,MCSLab RTT AP1,24:29:34:e2:4c:36,-54,-380,400,7,8,87.5,MCSLab RTT AP2,24:29:34:e1:ef:d4,-66,7509,407,7,8,87.5,MCSLab RTT AP3,b0:e4:d5:88:16:86,-64,2899,1600,7,8,87.5,MCSLab RTT AP3,e4:5e:1b:a0:5e:85,-61,7080,638,7,8,87.5
1767511481775,1-11,133,MCSLab RTT AP1,24:29:34:e2:4c:36,-54,-458,466,7,8,87.5,MCSLab RTT AP2,24:29:34:e1:ef:d4,-66,7548,357,7,8,87.5,MCSLab RTT AP3,b0:e4:d5:88:16:86,-64,2977,1641,7,8,87.5,MCSLab RTT AP3,e4:5e:1b:a0:5e:85,-62,7041,668,7,8,87.5
1767511481988,1-11,136,MCSLab RTT AP1,24:29:34:e2:4c:36,-54,-458,463,7,8,87.5,MCSLab RTT AP2,24:29:34:e1:ef:d4,-66,7548,328,7,8,87.5,MCSLab RTT AP3,b0:e4:d5:88:16:86,-64,3055,1606,7,8,87.5,MCSLab RTT AP3,e4:5e:1b:a0:5e:85,-61,7197,543,7,8,87.5
1767511482191,1-11,131,MCSLab RTT AP1,24:29:34:e2:4c:36,-54,-536,460,7,8,87.5,MCSLab RTT AP2,24:29:34:e1:ef:d4,-66,7431,416,7,8,87.5,MCSLab RTT AP3,b0:e4:d5:88:16:86,-63,3211,1497,7,8,87.5,MCSLab RTT AP3,e4:5e:1b:a0:5e:85,-62,7002,649,7,8,87.5
1767511482401,1-11,132,MCSLab RTT AP1,24:29:34:e2:4c:36,-54,-497,431,7,8,87.5,MCSLab RTT AP2,24:29:34:e1:ef:d4,-67,7548,382,7,8,87.5,MCSLab RTT AP3,b0:e4:d5:88:16:86,-64,2977,1647,7,8,87.5,MCSLab RTT AP3,e4:5e:1b:a0:5e:85,-62,7080,660,7,8,87.5
1767511482603,1-11,126,MCSLab RTT AP1,24:29:34:e2:4c:36,-53,-419,409,7,8,87.5,MCSLab RTT AP2,24:29:34:e1:ef:d4,-67,7470,472,7,8,87.5,MCSLab RTT AP3,b0:e4:d5:88:16:86,-65,2743,1731,7,8,87.5,MCSLab RTT AP3,e4:5e:1b:a0:5e:85,-62,7158,541,7,8,87.5
1767511482820,1-11,135,MCSLab RTT AP1,24:29:34:e2:4c:36,-54,-302,329,7,8,87.5,MCSLab RTT AP2,24:29:34:e1:ef:d4,-67,7392,486,7,8,87.5,MCSLab RTT AP3,b0:e4:d5:88:16:86,-63,2899,1570,7,8,87.5,MCSLab RTT AP3,e4:5e:1b:a0:5e:85,-61,7236,528,7,8,87.5
1767511483033,1-11,138,MCSLab RTT AP1,24:29:34:e2:4c:36,-53,-419,418,7,8,87.5,MCSLab RTT AP2,24:29:34:e1:ef:d4,-67,7431,371,7,8,87.5,MCSLab RTT AP3,b0:e4:d5:88:16:86,-63,3328,1367,7,8,87.5,MCSLab RTT AP3,e4:5e:1b:a0:5e:85,-62,7275,534,7,8,87.5
1767511483234,1-11,129,MCSLab RTT AP1,24:29:34:e2:4c:36,-54,-380,400,7,8,87.5,MCSLab RTT AP2,24:29:34:e1:ef:d4,-66,7509,353,7,8,87.5,MCSLab RTT AP3,b0:e4:d5:88:16:86,-63,3367,1367,7,8,87.5,MCSLab RTT AP3,e4:5e:1b:a0:5e:85,-62,7236,573,7,8,87.5
1767511483441,1-11,129,MCSLab RTT AP1,24:29:34:e2:4c:36,-54,-380,395,7,8,87.5,MCSLab RTT AP2,24:29:34:e1:ef:d4,-66,7548,379,7,8,87.5,MCSLab RTT AP3,b0:e4:d5:88:16:86,-63,3328,1368,7,8,87.5,MCSLab RTT AP3,e4:5e:1b:a0:5e:85,-62,7275,549,7,8,87.5
1767511483670,1-11,150,MCSLab RTT AP1,24:29:34:e2:4c:36,-53,-458,381,7,8,87.5,MCSLab RTT AP2,24:29:34:e1:ef:d4,-66,7431,466,7,8,87.5,MCSLab RTT AP3,b0:e4:d5:88:16:86,-64,3016,1591,7,8,87.5,MCSLab RTT AP3,e4:5e:1b:a0:5e:85,-61,7197,534,7,8,87.5
1767511483857,1-11,128,MCSLab RTT AP1,24:29:34:e2:4c:36,-54,-497,444,7,8,87.5,MCSLab RTT AP2,24:29:34:e1:ef:d4,-66,7548,463,7,8,87.5,MCSLab RTT AP3,b0:e4:d5:88:16:86,-65,3016,1585,7,8,87.5,MCSLab RTT AP3,e4:5e:1b:a0:5e:85,-60,7158,422,7,8,87.5
1767511484066,1-11,128,MCSLab RTT AP1,24:29:34:e2:4c:36,-54,-537,504,7,8,87.5,MCSLab RTT AP2,24:29:34:e1:ef:d4,-66,7353,583,7,8,87.5,MCSLab RTT AP3,b0:e4:d5:88:16:86,-63,2821,1710,7,8,87.5,MCSLab RTT AP3,e4:5e:1b:a0:5e:85,-61,7158,395,7,8,87.5
1767511484282,1-11,134,MCSLab RTT AP1,24:29:34:e2:4c:36,-52,-127,509,7,8,87.5,MCSLab RTT AP2,24:29:34:e1:ef:d4,-66,7470,493,7,8,87.5,MCSLab RTT AP3,b0:e4:d5:88:16:86,-60,2684,1751,7,8,87.5,MCSLab RTT AP3,e4:5e:1b:a0:5e:85,-61,7432,309,7,8,87.5
1767511484488,1-11,131,MCSLab RTT AP1,24:29:34:e2:4c:36,-54,-249,427,7,8,87.5,MCSLab RTT AP2,24:29:34:e1:ef:d4,-66,7548,431,7,8,87.5,MCSLab RTT AP3,b0:e4:d5:88:16:86,-65,2821,1660,7,8,87.5,MCSLab RTT AP3,e4:5e:1b:a0:5e:85,-59,7366,386,7,8,87.5
1767511484715,1-11,149,MCSLab RTT AP1,24:29:34:e2:4c:36,-54,-536,483,7,8,87.5,MCSLab RTT AP2,24:29:34:e1:ef:d4,-66,7431,442,7,8,87.5,MCSLab RTT AP3,b0:e4:d5:88:16:86,-64,3055,1579,7,8,87.5,MCSLab RTT AP3,e4:5e:1b:a0:5e:85,-60,7432,225,7,8,87.5
1767511484903,1-11,129,MCSLab RTT AP1,24:29:34:e2:4c:36,-54,-458,409,7,8,87.5,MCSLab RTT AP2,24:29:34:e1:ef:d4,-66,7470,468,7,8,87.5,MCSLab RTT AP3,b0:e4:d5:88:16:86,-63,3367,1380,7,8,87.5,MCSLab RTT AP3,e4:5e:1b:a0:5e:85,-60,7353,266,7,8,87.5
1767511485117,1-11,134,MCSLab RTT AP1,24:29:34:e2:4c:36,-54,-498,508,7,8,87.5,MCSLab RTT AP2,24:29:34:e1:ef:d4,-65,7470,485,7,8,87.5,MCSLab RTT AP3,b0:e4:d5:88:16:86,-63,3211,1530,7,8,87.5,MCSLab RTT AP3,e4:5e:1b:a0:5e:85,-60,7197,387,7,8,87.5
1767511485340,1-11,133,MCSLab RTT AP1,24:29:34:e2:4c:36,-53,-497,450,7,8,87.5,MCSLab RTT AP2,24:29:34:e1:ef:d4,-66,7392,479,7,8,87.5,MCSLab RTT AP3,b0:e4:d5:88:16:86,-64,3094,1474,7,8,87.5,MCSLab RTT AP3,e4:5e:1b:a0:5e:85,-60,7334,355,7,8,87.5
1767511485552,1-11,127,MCSLab RTT AP1,24:29:34:e2:4c:36,-53,-576,485,7,8,87.5,MCSLab RTT AP2,24:29:34:e1:ef:d4,-66,7470,441,7,8,87.5,MCSLab RTT AP3,b0:e4:d5:88:16:86,-63,3133,1432,7,8,87.5,MCSLab RTT AP3,e4:5e:1b:a0:5e:85,-60,7236,391,7,8,87.5
1767511485763,1-11,130,MCSLab RTT AP1,24:29:34:e2:4c:36,-54,-497,433,7,8,87.5,MCSLab RTT AP2,24:29:34:e1:ef:d4,-66,7353,560,7,8,87.5,MCSLab RTT AP3,b0:e4:d5:88:16:86,-63,3250,1408,7,8,87.5,MCSLab RTT AP3,e4:5e:1b:a0:5e:85,-61,7353,328,7,8,87.5
1767511485971,1-11,129,MCSLab RTT AP1,24:29:34:e2:4c:36,-54,-341,403,7,8,87.5,MCSLab RTT AP2,24:29:34:e1:ef:d4,-66,7470,485,7,8,87.5,MCSLab RTT AP3,b0:e4:d5:88:16:86,-63,3446,1335,7,8,87.5,MCSLab RTT AP3,e4:5e:1b:a0:5e:85,-60,7314,378,7,8,87.5
1767511486180,1-11,129,MCSLab RTT AP1,24:29:34:e2:4c:36,-55,-380,412,7,8,87.5,MCSLab RTT AP2,24:29:34:e1:ef:d4,-67,7509,466,7,8,87.5,MCSLab RTT AP3,b0:e4:d5:88:16:86,-63,3407,1330,7,8,87.5,MCSLab RTT AP3,e4:5e:1b:a0:5e:85,-60,7393,287,7,8,87.5
1767511486372,1-11,112,MCSLab RTT AP1,24:29:34:e2:4c:36,-55,-537,466,7,8,87.5,MCSLab RTT AP2,24:29:34:e1:ef:d4,-66,7509,462,7,8,87.5,MCSLab RTT AP3,b0:e4:d5:88:16:86,-64,2782,1779,7,8,87.5,MCSLab RTT AP3,e4:5e:1b:a0:5e:85,-60,7236,336,7,8,87.5
1767511486614,1-11,145,MCSLab RTT AP1,24:29:34:e2:4c:36,-54,-576,522,7,8,87.5,MCSLab RTT AP2,24:29:34:e1:ef:d4,-66,7470,514,7,8,87.5,MCSLab RTT AP3,b0:e4:d5:88:16:86,-63,5829,209,7,8,87.5,MCSLab RTT AP3,e4:5e:1b:a0:5e:85,-61,7119,466,7,8,87.5
1767511486805,1-11,128,MCSLab RTT AP1,24:29:34:e2:4c:36,-55,-537,460,7,8,87.5,MCSLab RTT AP2,24:29:34:e1:ef:d4,-66,7392,569,7,8,87.5,MCSLab RTT AP3,b0:e4:d5:88:16:86,-64,3407,1214,7,8,87.5,MCSLab RTT AP3,e4:5e:1b:a0:5e:85,-59,7353,321,7,8,87.5
1767511486989,1-11,103,MCSLab RTT AP1,24:29:34:e2:4c:36,-54,-537,504,7,8,87.5,MCSLab RTT AP2,24:29:34:e1:ef:d4,-66,7470,503,7,8,87.5,MCSLab RTT AP3,b0:e4:d5:88:16:86,-65,3016,1568,7,8,87.5,MCSLab RTT AP3,e4:5e:1b:a0:5e:85,-60,7236,376,7,8,87.5
1767511487234,1-11,139,MCSLab RTT AP1,24:29:34:e2:4c:36,-54,-654,492,7,8,87.5,MCSLab RTT AP2,24:29:34:e1:ef:d4,-67,7470,472,7,8,87.5,MCSLab RTT AP3,b0:e4:d5:88:16:86,-64,3289,1306,7,8,87.5,MCSLab RTT AP3,e4:5e:1b:a0:5e:85,-60,7275,410,7,8,87.5
1767511487435,1-11,131,MCSLab RTT AP1,24:29:34:e2:4c:36,-54,-537,432,7,8,87.5,MCSLab RTT AP2,24:29:34:e1:ef:d4,-66,7470,499,7,8,87.5,MCSLab RTT AP3,b0:e4:d5:88:16:86,-64,4344,974,7,8,87.5,MCSLab RTT AP3,e4:5e:1b:a0:5e:85,-60,7236,302,7,8,87.5
1767511487644,1-11,131,MCSLab RTT AP1,24:29:34:e2:4c:36,-55,-458,424,7,8,87.5,MCSLab RTT AP2,24:29:34:e1:ef:d4,-66,7509,462,7,8,87.5,MCSLab RTT AP3,b0:e4:d5:88:16:86,-65,3758,1149,7,8,87.5,MCSLab RTT AP3,e4:5e:1b:a0:5e:85,-60,7158,422,7,8,87.5
1767511525554,6-5,110,MCSLab RTT AP1,24:29:34:e2:4c:36,-60,1923,703,7,8,87.5,MCSLab RTT AP2,24:29:34:e1:ef:d4,-60,2622,1361,7,8,87.5,MCSLab RTT AP3,b0:e4:d5:88:16:86,-52,594,1372,7,8,87.5,MCSLab RTT AP3,e4:5e:1b:a0:5e:85,-72,6016,1536,7,8,87.5
1767511525742,6-5,92,MCSLab RTT AP1,24:29:34:e2:4c:36,-62,2119,491,7,8,87.5,MCSLab RTT AP2,24:29:34:e1:ef:d4,-64,3759,398,7,8,87.5,MCSLab RTT AP3,b0:e4:d5:88:16:86,-57,633,637,7,8,87.5,MCSLab RTT AP3,e4:5e:1b:a0:5e:85,-71,8330,1104,7,8,87.5
1767511525956,6-5,102,MCSLab RTT AP1,24:29:34:e2:4c:36,-60,1767,886,7,8,87.5,MCSLab RTT AP2,24:29:34:e1:ef:d4,-61,3798,293,7,8,87.5,MCSLab RTT AP3,b0:e4:d5:88:16:86,-49,594,834,7,8,87.5,MCSLab RTT AP3,e4:5e:1b:a0:5e:85,-69,6836,1900,7,8,87.5
1767511526142,6-5,83,MCSLab RTT AP1,24:29:34:e2:4c:36,-59,1845,968,7,8,87.5,MCSLab RTT AP2,24:29:34:e1:ef:d4,-64,3838,265,7,8,87.5,MCSLab RTT AP3,b0:e4:d5:88:16:86,-49,800,774,7,8,87.5,MCSLab RTT AP3,e4:5e:1b:a0:5e:85,-73,6748,2394,7,8,87.5
1767511526355,6-5,90,MCSLab RTT AP1,24:29:34:e2:4c:36,-60,1668,1011,7,8,87.5,MCSLab RTT AP2,24:29:34:e1:ef:d4,-63,3759,364,7,8,87.5,MCSLab RTT AP3,b0:e4:d5:88:16:86,-54,438,787,7,8,87.5,MCSLab RTT AP3,e4:5e:1b:a0:5e:85,-71,6250,2204,7,8,87.5
1767511526592,6-5,116,MCSLab RTT AP1,24:29:34:e2:4c:36,-63,1933,771,7,8,87.5,MCSLab RTT AP2,24:29:34:e1:ef:d4,-64,3681,419,7,8,87.5,MCSLab RTT AP3,b0:e4:d5:88:16:86,-54,711,656,7,8,87.5,MCSLab RTT AP3,e4:5e:1b:a0:5e:85,-71,6631,2504,7,8,87.5
1767511526834,6-5,150,MCSLab RTT AP1,24:29:34:e2:4c:36,-62,2002,808,7,8,87.5,MCSLab RTT AP2,24:29:34:e1:ef:d4,-62,3759,343,7,8,87.5,MCSLab RTT AP3,b0:e4:d5:88:16:86,-54,360,839,7,8,87.5,MCSLab RTT AP3,e4:5e:1b:a0:5e:85,-71,7334,1836,7,8,87.5
1767511527027,6-5,132,MCSLab RTT AP1,24:29:34:e2:4c:36,-61,2119,816,7,8,87.5,MCSLab RTT AP2,24:29:34:e1:ef:d4,-63,3837,332,7,8,87.5,MCSLab RTT AP3,b0:e4:d5:88:16:86,-49,1386,947,7,8,87.5,MCSLab RTT AP3,e4:5e:1b:a0:5e:85,-72,6690,2456,7,8,87.5
1767511527214,6-5,109,MCSLab RTT AP1,24:29:34:e2:4c:36,-62,2041,804,7,8,87.5,MCSLab RTT AP2,24:29:34:e1:ef:d4,-57,2622,1445,7,8,87.5,MCSLab RTT AP3,b0:e4:d5:88:16:86,-54,516,766,7,8,87.5,MCSLab RTT AP3,e4:5e:1b:a0:5e:85,-71,7451,1743,7,8,87.5
1767511527444,6-5,131,MCSLab RTT AP1,24:29:34:e2:4c:36,-62,2158,691,7,8,87.5,MCSLab RTT AP2,24:29:34:e1:ef:d4,-62,3798,268,7,8,87.5,MCSLab RTT AP3,b0:e4:d5:88:16:86,-54,555,724,7,8,87.5,MCSLab RTT AP3,e4:5e:1b:a0:5e:85,-72,7188,2059,7,8,87.5
1767511527650,6-5,128,MCSLab RTT AP1,24:29:34:e2:4c:36,-63,1963,832,7,8,87.5,MCSLab RTT AP2,24:29:34:e1:ef:d4,-61,3720,335,7,8,87.5,MCSLab RTT AP3,b0:e4:d5:88:16:86,-55,477,762,7,8,87.5,MCSLab RTT AP3,e4:5e:1b:a0:5e:85,-71,7627,1716,7,8,87.5
1767511527856,6-5,126,MCSLab RTT AP1,24:29:34:e2:4c:36,-62,2002,796,7,8,87.5,MCSLab RTT AP2,24:29:34:e1:ef:d4,-61,3877,224,7,8,87.5,MCSLab RTT AP3,b0:e4:d5:88:16:86,-55,399,756,7,8,87.5,MCSLab RTT AP3,e4:5e:1b:a0:5e:85,-72,7305,1919,7,8,87.5
1767511528044,6-5,106,MCSLab RTT AP1,24:29:34:e2:4c:36,-62,1962,794,7,8,87.5,MCSLab RTT AP2,24:29:34:e1:ef:d4,-61,3838,326,7,8,87.5,MCSLab RTT AP3,b0:e4:d5:88:16:86,-55,594,622,7,8,87.5,MCSLab RTT AP3,e4:5e:1b:a0:5e:85,-72,7393,1783,7,8,87.5
1767511528279,6-5,132,MCSLab RTT AP1,24:29:34:e2:4c:36,-63,1963,792,7,8,87.5,MCSLab RTT AP2,24:29:34:e1:ef:d4,-61,3955,244,7,8,87.5,MCSLab RTT AP3,b0:e4:d5:88:16:86,-55,555,619,7,8,87.5,MCSLab RTT AP3,e4:5e:1b:a0:5e:85,-72,7422,1852,7,8,87.5
1767511528525,6-5,171,MCSLab RTT AP1,24:29:34:e2:4c:36,-63,2002,759,7,8,87.5,MCSLab RTT AP2,24:29:34:e1:ef:d4,-61,3838,286,7,8,87.5,MCSLab RTT AP3,b0:e4:d5:88:16:86,-50,692,538,7,8,87.5,MCSLab RTT AP3,e4:5e:1b:a0:5e:85,-65,7249,2573,6,8,75.0
1767511528701,6-5,140,MCSLab RTT AP1,24:29:34:e2:4c:36,-63,2002,753,7,8,87.5,MCSLab RTT AP2,24:29:34:e1:ef:d4,-62,3916,296,7,8,87.5,MCSLab RTT AP3,b0:e4:d5:88:16:86,-55,594,656,7,8,87.5,MCSLab RTT AP3,e4:5e:1b:a0:5e:85,-72,9092,2168,2,8,25.0
1767511528877,6-5,108,MCSLab RTT AP1,24:29:34:e2:4c:36,-62,2041,731,7,8,87.5,MCSLab RTT AP2,24:29:34:e1:ef:d4,-62,3877,272,5,8,62.5,MCSLab RTT AP3,b0:e4:d5:88:16:86,-54,360,813,7,8,87.5,MCSLab RTT AP3,e4:5e:1b:a0:5e:85,-71,7217,2055,7,8,87.5
1767511529093,6-5,115,MCSLab RTT AP1,24:29:34:e2:4c:36,-62,2002,743,7,8,87.5,MCSLab RTT AP2,24:29:34:e1:ef:d4,-62,3759,367,7,8,87.5,MCSLab RTT AP3,b0:e4:d5:88:16:86,-54,594,713,7,8,87.5,MCSLab RTT AP3,e4:5e:1b:a0:5e:85,-67,7837,1872,7,8,87.5
1767511529357,6-5,170,MCSLab RTT AP1,24:29:34:e2:4c:36,-62,1923,792,7,8,87.5,MCSLab RTT AP2,24:29:34:e1:ef:d4,-62,3798,330,7,8,87.5,MCSLab RTT AP3,b0:e4:d5:88:16:86,-55,282,838,7,8,87.5,MCSLab RTT AP3,e4:5e:1b:a0:5e:85,-71,7002,2254,6,8,75.0
1767511529538,6-5,134,MCSLab RTT AP1,24:29:34:e2:4c:36,-64,2080,707,7,8,87.5,MCSLab RTT AP2,24:29:34:e1:ef:d4,-63,3759,324,7,8,87.5,MCSLab RTT AP3,b0:e4:d5:88:16:86,-55,672,534,7,8,87.5,MCSLab RTT AP3,e4:5e:1b:a0:5e:85,-72,7100,1986,7,8,87.5
1767511529742,6-5,128,MCSLab RTT AP1,24:29:34:e2:4c:36,-61,1825,829,7,8,87.5,MCSLab RTT AP2,24:29:34:e1:ef:d4,-63,3798,334,7,8,87.5,MCSLab RTT AP3,b0:e4:d5:88:16:86,-55,555,632,7,8,87.5,MCSLab RTT AP3,e4:5e:1b:a0:5e:85,-72,6719,2394,7,8,87.5
1767511529981,6-5,159,MCSLab RTT AP1,24:29:34:e2:4c:36,-63,1923,804,7,8,87.5,MCSLab RTT AP2,24:29:34:e1:ef:d4,-63,3877,317,7,8,87.5,MCSLab RTT AP3,b0:e4:d5:88:16:86,-55,594,687,7,8,87.5,MCSLab RTT AP3,e4:5e:1b:a0:5e:85,-72,6748,2524,7,8,87.5
1767511530173,6-5,134,MCSLab RTT AP1,24:29:34:e2:4c:36,-63,1884,858,7,8,87.5,MCSLab RTT AP2,24:29:34:e1:ef:d4,-63,3838,315,7,8,87.5,MCSLab RTT AP3,b0:e4:d5:88:16:86,-55,516,608,7,8,87.5,MCSLab RTT AP3,e4:5e:1b:a0:5e:85,-72,6748,2484,7,8,87.5
1767511530367,6-5,120,MCSLab RTT AP1,24:29:34:e2:4c:36,-63,1845,847,7,8,87.5,MCSLab RTT AP2,24:29:34:e1:ef:d4,-63,3720,353,7,8,87.5,MCSLab RTT AP3,b0:e4:d5:88:16:86,-55,594,607,7,8,87.5,MCSLab RTT AP3,e4:5e:1b:a0:5e:85,-72,6729,2492,7,8,87.5
1767511530590,6-5,135,MCSLab RTT AP1,24:29:34:e2:4c:36,,,,,,,MCSLab RTT AP2,24:29:34:e1:ef:d4,-62,3838,344,7,8,87.5,MCSLab RTT AP3,b0:e4:d5:88:16:86,-50,-137,1160,7,8,87.5,MCSLab RTT AP3,e4:5e:1b:a0:5e:85,-72,6836,2424,7,8,87.5
1767511530834,6-5,170,MCSLab RTT AP1,24:29:34:e2:4c:36,-63,1884,844,7,8,87.5,MCSLab RTT AP2,24:29:34:e1:ef:d4,-62,3759,362,7,8,87.5,MCSLab RTT AP3,b0:e4:d5:88:16:86,-55,545,590,7,8,87.5,MCSLab RTT AP3,e4:5e:1b:a0:5e:85,-68,6885,2028,6,8,75.0
1767511531015,6-5,141,MCSLab RTT AP1,24:29:34:e2:4c:36,-63,1923,809,7,8,87.5,MCSLab RTT AP2,24:29:34:e1:ef:d4,-62,3838,303,7,8,87.5,MCSLab RTT AP3,b0:e4:d5:88:16:86,-55,401,789,7,8,87.5,MCSLab RTT AP3,e4:5e:1b:a0:5e:85,,,,,,
1767511531210,6-5,128,MCSLab RTT AP1,24:29:34:e2:4c:36,-61,2002,770,7,8,87.5,MCSLab RTT AP2,24:29:34:e1:ef:d4,-62,3838,301,7,8,87.5,MCSLab RTT AP3,b0:e4:d5:88:16:86,-55,477,688,7,8,87.5,MCSLab RTT AP3,e4:5e:1b:a0:5e:85,,,,,,
1767511531424,6-5,134,MCSLab RTT AP1,24:29:34:e2:4c:36,-62,1923,811,7,8,87.5,MCSLab RTT AP2,24:29:34:e1:ef:d4,-62,3837,301,7,8,87.5,MCSLab RTT AP3,b0:e4:d5:88:16:86,-54,516,761,7,8,87.5,MCSLab RTT AP3,e4:5e:1b:a0:5e:85,-71,6807,2304,7,8,87.5
1767511531656,6-5,158,MCSLab RTT AP1,24:29:34:e2:4c:36,-62,1962,748,7,8,87.5,MCSLab RTT AP2,24:29:34:e1:ef:d4,-62,3837,287,7,8,87.5,MCSLab RTT AP3,b0:e4:d5:88:16:86,-54,477,736,7,8,87.5,MCSLab RTT AP3,e4:5e:1b:a0:5e:85,-70,6963,2161,7,8,87.5
1767511531838,6-5,130,MCSLab RTT AP1,24:29:34:e2:4c:36,-61,1923,792,7,8,87.5,MCSLab RTT AP2,24:29:34:e1:ef:d4,-62,3877,296,7,8,87.5,MCSLab RTT AP3,b0:e4:d5:88:16:86,-54,516,791,7,8,87.5,MCSLab RTT AP3,e4:5e:1b:a0:5e:85,-72,6836,2170,7,8,87.5
1767511532091,6-5,176,MCSLab RTT AP1,24:29:34:e2:4c:36,-60,1963,737,7,8,87.5,MCSLab RTT AP2,24:29:34:e1:ef:d4,-63,3759,375,7,8,87.5,MCSLab RTT AP3,b0:e4:d5:88:16:86,-54,516,649,4,8,50.0,MCSLab RTT AP3,e4:5e:1b:a0:5e:85,-72,6289,2616,3,8,37.5
1767511532264,6-5,142,MCSLab RTT AP1,24:29:34:e2:4c:36,-61,1923,754,7,8,87.5,MCSLab RTT AP2,24:29:34:e1:ef:d4,-63,3798,365,7,8,87.5,MCSLab RTT AP3,b0:e4:d5:88:16:86,-54,477,799,7,8,87.5,MCSLab RTT AP3,e4:5e:1b:a0:5e:85,-68,5786,3054,7,8,87.5
1767511532460,6-5,127,MCSLab RTT AP1,24:29:34:e2:4c:36,-61,1962,748,7,8,87.5,MCSLab RTT AP2,24:29:34:e1:ef:d4,-63,3798,355,7,8,87.5,MCSLab RTT AP3,b0:e4:d5:88:16:86,-54,477,739,7,8,87.5,MCSLab RTT AP3,e4:5e:1b:a0:5e:85,,,,,,
1767511532688,6-5,147,MCSLab RTT AP1,24:29:34:e2:4c:36,-62,2041,719,7,8,87.5,MCSLab RTT AP2,24:29:34:e1:ef:d4,-62,3759,325,7,8,87.5,MCSLab RTT AP3,b0:e4:d5:88:16:86,-54,516,756,7,8,87.5,MCSLab RTT AP3,e4:5e:1b:a0:5e:85,-71,6865,2218,7,8,87.5
1767511532884,6-5,135,MCSLab RTT AP1,24:29:34:e2:4c:36,-62,1884,785,7,8,87.5,MCSLab RTT AP2,24:29:34:e1:ef:d4,-62,3759,378,7,8,87.5,MCSLab RTT AP3,b0:e4:d5:88:16:86,-54,516,800,7,8,87.5,MCSLab RTT AP3,e4:5e:1b:a0:5e:85,-72,5986,2808,7,8,87.5
1767511533086,6-5,129,MCSLab RTT AP1,24:29:34:e2:4c:36,-62,1884,858,7,8,87.5,MCSLab RTT AP2,24:29:34:e1:ef:d4,-62,3798,330,7,8,87.5,MCSLab RTT AP3,b0:e4:d5:88:16:86,-54,672,650,7,8,87.5,MCSLab RTT AP3,e4:5e:1b:a0:5e:85,-72,6924,2172,7,8,87.5
1767511533297,6-5,131,MCSLab RTT AP1,24:29:34:e2:4c:36,-62,2041,694,7,8,87.5,MCSLab RTT AP2,24:29:34:e1:ef:d4,-61,3838,357,7,8,87.5,MCSLab RTT AP3,b0:e4:d5:88:16:86,-54,555,738,7,8,87.5,MCSLab RTT AP3,e4:5e:1b:a0:5e:85,-72,6807,2326,7,8,87.5
1767511533502,6-5,127,MCSLab RTT AP1,24:29:34:e2:4c:36,-62,1884,785,7,8,87.5,MCSLab RTT AP2,24:29:34:e1:ef:d4,-62,3759,368,7,8,87.5,MCSLab RTT AP3,b0:e4:d5:88:16:86,-54,516,736,7,8,87.5,MCSLab RTT AP3,e4:5e:1b:a0:5e:85,-72,6865,2159,7,8,87.5
1767511533692,6-5,107,MCSLab RTT AP1,24:29:34:e2:4c:36,-61,1962,766,7,8,87.5,MCSLab RTT AP2,24:29:34:e1:ef:d4,-63,3877,310,7,8,87.5,MCSLab RTT AP3,b0:e4:d5:88:16:86,-54,438,810,7,8,87.5,MCSLab RTT AP3,e4:5e:1b:a0:5e:85,-72,6748,2451,7,8,87.5
1767511533971,6-5,167,MCSLab RTT AP1,24:29:34:e2:4c:36,-61,1923,885,7,8,87.5,MCSLab RTT AP2,24:29:34:e1:ef:d4,-63,3837,318,7,8,87.5,MCSLab RTT AP3,b0:e4:d5:88:16:86,-54,477,688,7,8,87.5,MCSLab RTT AP3,e4:5e:1b:a0:5e:85,-72,10290,3662,5,8,62.5
1767511534127,6-5,116,MCSLab RTT AP1,24:29:34:e2:4c:36,-61,1962,805,7,8,87.5,MCSLab RTT AP2,24:29:34:e1:ef:d4,-62,3759,374,7,8,87.5,MCSLab RTT AP3,b0:e4:d5:88:16:86,-54,555,713,7,8,87.5,MCSLab RTT AP3,e4:5e:1b:a0:5e:85,-72,6895,2257,7,8,87.5
1767511534364,6-5,143,MCSLab RTT AP1,24:29:34:e2:4c:36,-61,1963,803,7,8,87.5,MCSLab RTT AP2,24:29:34:e1:ef:d4,-63,3877,326,7,8,87.5,MCSLab RTT AP3,b0:e4:d5:88:16:86,-54,555,692,7,8,87.5,MCSLab RTT AP3,e4:5e:1b:a0:5e:85,-72,7217,2237,7,8,87.5
1767511534572,6-5,132,MCSLab RTT AP1,24:29:34:e2:4c:36,-63,1923,924,7,8,87.5,MCSLab RTT AP2,24:29:34:e1:ef:d4,-56,2934,1101,7,8,87.5,MCSLab RTT AP3,b0:e4:d5:88:16:86,-54,633,646,7,8,87.5,MCSLab RTT AP3,e4:5e:1b:a0:5e:85,-72,7246,1747,7,8,87.5
1767511534797,6-5,147,MCSLab RTT AP1,24:29:34:e2:4c:36,-62,1845,872,7,8,87.5,MCSLab RTT AP2,24:29:34:e1:ef:d4,-62,3916,303,7,8,87.5,MCSLab RTT AP3,b0:e4:d5:88:16:86,-54,438,805,7,8,87.5,MCSLab RTT AP3,e4:5e:1b:a0:5e:85,-72,7422,1820,7,8,87.5
1767511534988,6-5,130,MCSLab RTT AP1,24:29:34:e2:4c:36,-62,1923,883,7,8,87.5,MCSLab RTT AP2,24:29:34:e1:ef:d4,-62,3955,230,7,8,87.5,MCSLab RTT AP3,b0:e4:d5:88:16:86,-54,516,688,7,8,87.5,MCSLab RTT AP3,e4:5e:1b:a0:5e:85,-71,7187,2080,7,8,87.5
1767511535218,6-5,153,MCSLab RTT AP1,24:29:34:e2:4c:36,-61,2041,794,7,8,87.5,MCSLab RTT AP2,24:29:34:e1:ef:d4,-62,3838,314,7,8,87.5,MCSLab RTT AP3,b0:e4:d5:88:16:86,-54,438,721,7,8,87.5,MCSLab RTT AP3,e4:5e:1b:a0:5e:85,-69,6221,2727,7,8,87.5
1767511535403,6-5,130,MCSLab RTT AP1,24:29:34:e2:4c:36,-61,1923,809,7,8,87.5,MCSLab RTT AP2,24:29:34:e1:ef:d4,-62,3798,366,7,8,87.5,MCSLab RTT AP3,b0:e4:d5:88:16:86,-49,438,1581,7,8,87.5,MCSLab RTT AP3,e4:5e:1b:a0:5e:85,-72,7334,2034,7,8,87.5
1767511535617,6-5,136,MCSLab RTT AP1,24:29:34:e2:4c:36,-60,1806,849,7,8,87.5,MCSLab RTT AP2,24:29:34:e1:ef:d4,-62,3838,292,7,8,87.5,MCSLab RTT AP3,b0:e4:d5:88:16:86,-54,594,672,7,8,87.5,MCSLab RTT AP3,e4:5e:1b:a0:5e:85,-72,7012,2430,7,8,87.5
1767511535820,6-5,131,MCSLab RTT AP1,24:29:34:e2:4c:36,-61,1884,768,7,8,87.5,MCSLab RTT AP2,24:29:34:e1:ef:d4,-62,3838,328,7,8,87.5,MCSLab RTT AP3,b0:e4:d5:88:16:86,-53,516,717,7,8,87.5,MCSLab RTT AP3,e4:5e:1b:a0:5e:85,-72,6924,2342,7,8,87.5
1767511536026,6-5,129,MCSLab RTT AP1,24:29:34:e2:4c:36,-60,1806,807,7,8,87.5,MCSLab RTT AP2,24:29:34:e1:ef:d4,-62,3838,326,7,8,87.5,MCSLab RTT AP3,b0:e4:d5:88:16:86,-54,477,718,7,8,87.5,MCSLab RTT AP3,e4:5e:1b:a0:5e:85,-72,6777,2472,7,8,87.5
1767511536224,6-5,118,MCSLab RTT AP1,24:29:34:e2:4c:36,-61,1923,777,7,8,87.5,MCSLab RTT AP2,24:29:34:e1:ef:d4,-62,3838,296,7,8,87.5,MCSLab RTT AP3,b0:e4:d5:88:16:86,-53,516,735,7,8,87.5,MCSLab RTT AP3,e4:5e:1b:a0:5e:85,-72,6924,2439,7,8,87.5
1767511536445,6-5,129,MCSLab RTT AP1,24:29:34:e2:4c:36,-61,1962,761,7,8,87.5,MCSLab RTT AP2,24:29:34:e1:ef:d4,-62,3720,359,7,8,87.5,MCSLab RTT AP3,b0:e4:d5:88:16:86,-54,555,672,7,8,87.5,MCSLab RTT AP3,e4:5e:1b:a0:5e:85,-72,6865,2446,7,8,87.5
1767511536652,6-5,129,MCSLab RTT AP1,24:29:34:e2:4c:36,-61,1923,828,7,8,87.5,MCSLab RTT AP2,24:29:34:e1:ef:d4,-62,3877,319,7,8,87.5,MCSLab RTT AP3,b0:e4:d5:88:16:86,-54,477,789,7,8,87.5,MCSLab RTT AP3,e4:5e:1b:a0:5e:85,-72,6953,2289,7,8,87.5
1767511536835,6-5,104,MCSLab RTT AP1,24:29:34:e2:4c:36,-61,2002,765,7,8,87.5,MCSLab RTT AP2,24:29:34:e1:ef:d4,-62,3916,300,7,8,87.5,MCSLab RTT AP3,b0:e4:d5:88:16:86,-54,516,719,7,8,87.5,MCSLab RTT AP3,e4:5e:1b:a0:5e:85,-72,7041,2160,7,8,87.5
1767511537069,6-5,130,MCSLab RTT AP1,24:29:34:e2:4c:36,-60,1884,844,7,8,87.5,MCSLab RTT AP2,24:29:34:e1:ef:d4,-62,3838,348,7,8,87.5,MCSLab RTT AP3,b0:e4:d5:88:16:86,-54,477,711,7,8,87.5,MCSLab RTT AP3,e4:5e:1b:a0:5e:85,-72,7129,2111,7,8,87.5
1767511537283,6-5,134,MCSLab RTT AP1,24:29:34:e2:4c:36,-61,1884,814,7,8,87.5,MCSLab RTT AP2,24:29:34:e1:ef:d4,-62,3955,300,7,8,87.5,MCSLab RTT AP3,b0:e4:d5:88:16:86,-53,477,711,7,8,87.5,MCSLab RTT AP3,e4:5e:1b:a0:5e:85,-73,7158,2191,7,8,87.5
1767511537499,6-5,132,MCSLab RTT AP1,24:29:34:e2:4c:36,-62,1884,844,7,8,87.5,MCSLab RTT AP2,24:29:34:e1:ef:d4,-61,3877,303,7,8,87.5,MCSLab RTT AP3,b0:e4:d5:88:16:86,-54,399,731,7,8,87.5,MCSLab RTT AP3,e4:5e:1b:a0:5e:85,-72,7217,2155,7,8,87.5
1767511537709,6-5,132,MCSLab RTT AP1,24:29:34:e2:4c:36,-62,2002,770,7,8,87.5,MCSLab RTT AP2,24:29:34:e1:ef:d4,-62,3916,278,7,8,87.5,MCSLab RTT AP3,b0:e4:d5:88:16:86,-54,477,673,7,8,87.5,MCSLab RTT AP3,e4:5e:1b:a0:5e:85,-72,6982,2320,7,8,87.5
1767511537925,6-5,138,MCSLab RTT AP1,24:29:34:e2:4c:36,-62,2041,779,7,8,87.5,MCSLab RTT AP2,24:29:34:e1:ef:d4,-63,3759,336,7,8,87.5,MCSLab RTT AP3,b0:e4:d5:88:16:86,-50,555,953,7,8,87.5,MCSLab RTT AP3,e4:5e:1b:a0:5e:85,-68,7129,2568,7,8,87.5
1767511538129,6-5,133,MCSLab RTT AP1,24:29:34:e2:4c:36,-62,1845,932,7,8,87.5,MCSLab RTT AP2,24:29:34:e1:ef:d4,-63,3798,318,7,8,87.5,MCSLab RTT AP3,b0:e4:d5:88:16:86,-54,282,808,7,8,87.5,MCSLab RTT AP3,e4:5e:1b:a0:5e:85,-71,7129,2243,7,8,87.5
1767511538310,6-5,105,MCSLab RTT AP1,24:29:34:e2:4c:36,-62,1845,964,7,8,87.5,MCSLab RTT AP2,24:29:34:e1:ef:d4,-63,3759,379,7,8,87.5,MCSLab RTT AP3,b0:e4:d5:88:16:86,-54,282,756,7,8,87.5,MCSLab RTT AP3,e4:5e:1b:a0:5e:85,-72,6338,2751,7,8,87.5
1767511538524,6-5,112,MCSLab RTT AP1,24:29:34:e2:4c:36,-62,1845,964,7,8,87.5,MCSLab RTT AP2,24:29:34:e1:ef:d4,-63,3681,390,7,8,87.5,MCSLab RTT AP3,b0:e4:d5:88:16:86,-54,282,836,7,8,87.5,MCSLab RTT AP3,e4:5e:1b:a0:5e:85,-72,7070,2202,7,8,87.5
1767511538732,6-5,109,MCSLab RTT AP1,24:29:34:e2:4c:36,-62,1806,952,7,8,87.5,MCSLab RTT AP2,24:29:34:e1:ef:d4,-63,3837,285,7,8,87.5,MCSLab RTT AP3,b0:e4:d5:88:16:86,-54,477,742,7,8,87.5,MCSLab RTT AP3,e4:5e:1b:a0:5e:85,-69,6924,2188,7,8,87.5
1767511538964,6-5,131,MCSLab RTT AP1,24:29:34:e2:4c:36,-62,1806,936,7,8,87.5,MCSLab RTT AP2,24:29:34:e1:ef:d4,-62,3838,314,7,8,87.5,MCSLab RTT AP3,b0:e4:d5:88:16:86,-54,399,734,7,8,87.5,MCSLab RTT AP3,e4:5e:1b:a0:5e:85,-71,6601,2621,7,8,87.5
1767511539172,6-5,130,MCSLab RTT AP1,24:29:34:e2:4c:36,-62,1884,858,7,8,87.5,MCSLab RTT AP2,24:29:34:e1:ef:d4,-62,3877,276,7,8,87.5,MCSLab RTT AP3,b0:e4:d5:88:16:86,-54,477,754,7,8,87.5,MCSLab RTT AP3,e4:5e:1b:a0:5e:85,-72,6484,2390,7,8,87.5
1767511539380,6-5,129,MCSLab RTT AP1,24:29:34:e2:4c:36,-61,1923,905,7,8,87.5,MCSLab RTT AP2,24:29:34:e1:ef:d4,-62,3798,279,7,8,87.5,MCSLab RTT AP3,b0:e4:d5:88:16:86,-54,594,721,7,8,87.5,MCSLab RTT AP3,e4:5e:1b:a0:5e:85,-72,6631,1996,7,8,87.5
1767511539587,6-5,129,MCSLab RTT AP1,24:29:34:e2:4c:36,-62,1884,853,7,8,87.5,MCSLab RTT AP2,24:29:34:e1:ef:d4,-62,4111,242,7,8,87.5,MCSLab RTT AP3,b0:e4:d5:88:16:86,-54,399,763,7,8,87.5,MCSLab RTT AP3,e4:5e:1b:a0:5e:85,-72,6748,2510,7,8,87.5
1767511539801,6-5,134,MCSLab RTT AP1,24:29:34:e2:4c:36,-62,2002,782,7,8,87.5,MCSLab RTT AP2,24:29:34:e1:ef:d4,-62,3798,286,7,8,87.5,MCSLab RTT AP3,b0:e4:d5:88:16:86,-54,428,832,7,8,87.5,MCSLab RTT AP3,e4:5e:1b:a0:5e:85,-71,6601,2581,7,8,87.5
1767511539979,6-5,104,MCSLab RTT AP1,24:29:34:e2:4c:36,-61,1923,836,7,8,87.5,MCSLab RTT AP2,24:29:34:e1:ef:d4,-62,3798,313,7,8,87.5,MCSLab RTT AP3,b0:e4:d5:88:16:86,-54,399,828,7,8,87.5,MCSLab RTT AP3,e4:5e:1b:a0:5e:85,-72,6514,2467,7,8,87.5
1767511540218,6-5,134,MCSLab RTT AP1,24:29:34:e2:4c:36,-61,1806,866,7,8,87.5,MCSLab RTT AP2,24:29:34:e1:ef:d4,-62,3877,276,7,8,87.5,MCSLab RTT AP3,b0:e4:d5:88:16:86,-53,516,701,7,8,87.5,MCSLab RTT AP3,e4:5e:1b:a0:5e:85,-72,6572,2350,7,8,87.5
1767511540430,6-5,135,MCSLab RTT AP1,24:29:34:e2:4c:36,-62,1884,860,7,8,87.5,MCSLab RTT AP2,24:29:34:e1:ef:d4,-62,3877,299,7,8,87.5,MCSLab RTT AP3,b0:e4:d5:88:16:86,-53,438,913,7,8,87.5,MCSLab RTT AP3,e4:5e:1b:a0:5e:85,-72,6729,2392,7,8,87.5
1767511540613,6-5,109,MCSLab RTT AP1,24:29:34:e2:4c:36,-62,1923,806,7,8,87.5,MCSLab RTT AP2,24:29:34:e1:ef:d4,-62,3759,317,7,8,87.5,MCSLab RTT AP3,b0:e4:d5:88:16:86,-49,516,791,7,8,87.5,MCSLab RTT AP3,e4:5e:1b:a0:5e:85,-72,6660,2432,7,8,87.5
1767511540833,6-5,121,MCSLab RTT AP1,24:29:34:e2:4c:36,-61,1845,861,7,8,87.5,MCSLab RTT AP2,24:29:34:e1:ef:d4,-62,3837,332,7,8,87.5,MCSLab RTT AP3,b0:e4:d5:88:16:86,-53,555,746,7,8,87.5,MCSLab RTT AP3,e4:5e:1b:a0:5e:85,-72,6777,2437,7,8,87.5
1767511541063,6-5,133,MCSLab RTT AP1,24:29:34:e2:4c:36,-61,1806,896,7,8,87.5,MCSLab RTT AP2,24:29:34:e1:ef:d4,-57,3759,353,7,8,87.5,MCSLab RTT AP3,b0:e4:d5:88:16:86,-54,399,753,7,8,87.5,MCSLab RTT AP3,e4:5e:1b:a0:5e:85,-72,6689,2423,7,8,87.5
1767511541256,6-5,115,MCSLab RTT AP1,24:29:34:e2:4c:36,-62,1923,839,7,8,87.5,MCSLab RTT AP2,24:29:34:e1:ef:d4,-62,3837,299,7,8,87.5,MCSLab RTT AP3,b0:e4:d5:88:16:86,-54,516,753,7,8,87.5,MCSLab RTT AP3,e4:5e:1b:a0:5e:85,-72,6572,2456,7,8,87.5
1767511541467,6-5,118,MCSLab RTT AP1,24:29:34:e2:4c:36,-61,1884,844,7,8,87.5,MCSLab RTT AP2,24:29:34:e1:ef:d4,-61,3877,279,7,8,87.5,MCSLab RTT AP3,b0:e4:d5:88:16:86,-54,594,651,7,8,87.5,MCSLab RTT AP3,e4:5e:1b:a0:5e:85,-72,6602,2309,7,8,87.5
1767511541661,6-5,105,MCSLab RTT AP1,24:29:34:e2:4c:36,-61,1845,867,7,8,87.5,MCSLab RTT AP2,24:29:34:e1:ef:d4,-62,3877,251,7,8,87.5,MCSLab RTT AP3,b0:e4:d5:88:16:86,-50,1229,846,7,8,87.5,MCSLab RTT AP3,e4:5e:1b:a0:5e:85,-72,6807,2292,7,8,87.5
1767511541899,6-5,133,MCSLab RTT AP1,24:29:34:e2:4c:36,-61,1923,799,7,8,87.5,MCSLab RTT AP2,24:29:34:e1:ef:d4,-62,3798,353,7,8,87.5,MCSLab RTT AP3,b0:e4:d5:88:16:86,-54,360,786,7,8,87.5,MCSLab RTT AP3,e4:5e:1b:a0:5e:85,-72,6895,2479,7,8,87.5
1767511542078,6-5,103,MCSLab RTT AP1,24:29:34:e2:4c:36,-61,1963,801,7,8,87.5,MCSLab RTT AP2,24:29:34:e1:ef:d4,-62,3798,318,7,8,87.5,MCSLab RTT AP3,b0:e4:d5:88:16:86,-53,399,832,7,8,87.5,MCSLab RTT AP3,e4:5e:1b:a0:5e:85,-71,7129,2296,7,8,87.5
1767511542318,6-5,134,MCSLab RTT AP1,24:29:34:e2:4c:36,-62,1963,849,7,8,87.5,MCSLab RTT AP2,24:29:34:e1:ef:d4,-62,3798,318,7,8,87.5,MCSLab RTT AP3,b0:e4:d5:88:16:86,-54,477,721,7,8,87.5,MCSLab RTT AP3,e4:5e:1b:a0:5e:85,-71,7217,2006,7,8,87.5
1767511542522,6-5,129,MCSLab RTT AP1,24:29:34:e2:4c:36,-62,1884,886,7,8,87.5,MCSLab RTT AP2,24:29:34:e1:ef:d4,-63,3877,316,7,8,87.5,MCSLab RTT AP3,b0:e4:d5:88:16:86,-55,594,637,7,8,87.5,MCSLab RTT AP3,e4:5e:1b:a0:5e:85,-71,6865,2469,7,8,87.5
1767511542737,6-5,136,MCSLab RTT AP1,24:29:34:e2:4c:36,-62,1962,803,7,8,87.5,MCSLab RTT AP2,24:29:34:e1:ef:d4,-63,3838,296,7,8,87.5,MCSLab RTT AP3,b0:e4:d5:88:16:86,-55,711,619,7,8,87.5,MCSLab RTT AP3,e4:5e:1b:a0:5e:85,-72,6719,2520,7,8,87.5
1767511542937,6-5,128,MCSLab RTT AP1,24:29:34:e2:4c:36,-63,1923,885,7,8,87.5,MCSLab RTT AP2,24:29:34:e1:ef:d4,-64,3837,305,7,8,87.5,MCSLab RTT AP3,b0:e4:d5:88:16:86,-55,555,704,7,8,87.5,MCSLab RTT AP3,e4:5e:1b:a0:5e:85,-72,6660,2568,7,8,87.5
1767511543149,6-5,130,MCSLab RTT AP1,24:29:34:e2:4c:36,-63,1884,873,7,8,87.5,MCSLab RTT AP2,24:29:34:e1:ef:d4,-64,3759,359,7,8,87.5,MCSLab RTT AP3,b0:e4:d5:88:16:86,-55,594,694,7,8,87.5,MCSLab RTT AP3,e4:5e:1b:a0:5e:85,-73,6719,2598,7,8,87.5
1767511543364,6-5,135,MCSLab RTT AP1,24:29:34:e2:4c:36,-61,1747,1002,7,8,87.5,MCSLab RTT AP2,24:29:34:e1:ef:d4,-63,3759,342,7,8,87.5,MCSLab RTT AP3,b0:e4:d5:88:16:86,-55,633,595,7,8,87.5,MCSLab RTT AP3,e4:5e:1b:a0:5e:85,-73,5752,2807,7,8,87.5
1767511543568,6-5,131,MCSLab RTT AP1,24:29:34:e2:4c:36,-61,1864,856,7,8,87.5,MCSLab RTT AP2,24:29:34:e1:ef:d4,-64,3955,265,7,8,87.5,MCSLab RTT AP3,b0:e4:d5:88:16:86,-55,555,638,7,8,87.5,MCSLab RTT AP3,e4:5e:1b:a0:5e:85,-73,6836,2425,7,8,87.5
1767511543763,6-5,117,MCSLab RTT AP1,24:29:34:e2:4c:36,-62,1963,918,7,8,87.5,MCSLab RTT AP2,24:29:34:e1:ef:d4,-62,3877,249,7,8,87.5,MCSLab RTT AP3,b0:e4:d5:88:16:86,-55,477,739,7,8,87.5,MCSLab RTT AP3,e4:5e:1b:a0:5e:85,-72,6865,2607,7,8,87.5
1767511543965,6-5,110,MCSLab RTT AP1,24:29:34:e2:4c:36,-61,1845,966,7,8,87.5,MCSLab RTT AP2,24:29:34:e1:ef:d4,-63,3955,189,7,8,87.5,MCSLab RTT AP3,b0:e4:d5:88:16:86,-54,360,746,7,8,87.5,MCSLab RTT AP3,e4:5e:1b:a0:5e:85,-72,6631,2089,7,8,87.5
1767511544196,6-5,132,MCSLab RTT AP1,24:29:34:e2:4c:36,-62,1845,966,7,8,87.5,MCSLab RTT AP2,24:29:34:e1:ef:d4,-63,3955,254,7,8,87.5,MCSLab RTT AP3,b0:e4:d5:88:16:86,-54,555,622,7,8,87.5,MCSLab RTT AP3,e4:5e:1b:a0:5e:85,-72,6631,2603,7,8,87.5
1767511544425,6-5,151,MCSLab RTT AP1,24:29:34:e2:4c:36,-61,1845,992,7,8,87.5,MCSLab RTT AP2,24:29:34:e1:ef:d4,-63,3759,358,7,8,87.5,MCSLab RTT AP3,b0:e4:d5:88:16:86,-49,1344,1131,7,8,87.5,MCSLab RTT AP3,e4:5e:1b:a0:5e:85,-72,6719,2325,7,8,87.5
1767511544625,6-5,133,MCSLab RTT AP1,24:29:34:e2:4c:36,-61,1923,950,7,8,87.5,MCSLab RTT AP2,24:29:34:e1:ef:d4,-63,3955,236,7,8,87.5,MCSLab RTT AP3,b0:e4:d5:88:16:86,-52,519,666,7,8,87.5,MCSLab RTT AP3,e4:5e:1b:a0:5e:85,-72,6426,2126,7,8,87.5
1767511544836,6-5,133,MCSLab RTT AP1,24:29:34:e2:4c:36,-61,1963,924,7,8,87.5,MCSLab RTT AP2,24:29:34:e1:ef:d4,-63,3681,396,7,8,87.5,MCSLab RTT AP3,b0:e4:d5:88:16:86,-54,438,758,7,8,87.5,MCSLab RTT AP3,e4:5e:1b:a0:5e:85,-72,6660,2450,7,8,87.5
1767511545041,6-5,129,MCSLab RTT AP1,24:29:34:e2:4c:36,-62,1884,943,7,8,87.5,MCSLab RTT AP2,24:29:34:e1:ef:d4,-64,3877,308,7,8,87.5,MCSLab RTT AP3,b0:e4:d5:88:16:86,-54,555,707,7,8,87.5,MCSLab RTT AP3,e4:5e:1b:a0:5e:85,-72,6982,2215,7,8,87.5
1767511545232,6-5,112,MCSLab RTT AP1,24:29:34:e2:4c:36,-62,2002,949,7,8,87.5,MCSLab RTT AP2,24:29:34:e1:ef:d4,-64,3720,327,7,8,87.5,MCSLab RTT AP3,b0:e4:d5:88:16:86,-52,633,661,7,8,87.5,MCSLab RTT AP3,e4:5e:1b:a0:5e:85,-68,7260,2398,7,8,87.5
1767511545472,6-5,142,MCSLab RTT AP1,24:29:34:e2:4c:36,-62,1962,789,7,8,87.5,MCSLab RTT AP2,24:29:34:e1:ef:d4,-63,3798,366,7,8,87.5,MCSLab RTT AP3,b0:e4:d5:88:16:86,-55,594,667,7,8,87.5,MCSLab RTT AP3,e4:5e:1b:a0:5e:85,-71,6953,1868,7,8,87.5
1767511545657,6-5,118,MCSLab RTT AP1,24:29:34:e2:4c:36,-61,2002,840,7,8,87.5,MCSLab RTT AP2,24:29:34:e1:ef:d4,-63,3720,395,7,8,87.5,MCSLab RTT AP3,b0:e4:d5:88:16:86,-54,516,688,7,8,87.5,MCSLab RTT AP3,e4:5e:1b:a0:5e:85,-72,6631,2451,7,8,87.5
1767511545854,6-5,105,MCSLab RTT AP1,24:29:34:e2:4c:36,-61,1923,871,7,8,87.5,MCSLab RTT AP2,24:29:34:e1:ef:d4,-63,3916,233,7,8,87.5,MCSLab RTT AP3,b0:e4:d5:88:16:86,-54,438,810,7,8,87.5,MCSLab RTT AP3,e4:5e:1b:a0:5e:85,-72,6601,2441,7,8,87.5
1767511546089,6-5,131,MCSLab RTT AP1,24:29:34:e2:4c:36,-62,1963,803,7,8,87.5,MCSLab RTT AP2,24:29:34:e1:ef:d4,-63,3877,249,7,8,87.5,MCSLab RTT AP3,b0:e4:d5:88:16:86,-54,555,635,7,8,87.5,MCSLab RTT AP3,e4:5e:1b:a0:5e:85,-72,6748,2469,7,8,87.5
1767511546296,6-5,129,MCSLab RTT AP1,24:29:34:e2:4c:36,-62,1963,803,7,8,87.5,MCSLab RTT AP2,24:29:34:e1:ef:d4,-63,3798,299,7,8,87.5,MCSLab RTT AP3,b0:e4:d5:88:16:86,-54,360,786,7,8,87.5,MCSLab RTT AP3,e4:5e:1b:a0:5e:85,-72,6601,2524,7,8,87.5
